State,Sex,Age_group,COVID-19_Deaths
United_States,All_Sexes,Under_1_year,19
United_States,All_Sexes,0-17_years,88
United_States,All_Sexes,1-4_years,14
United_States,All_Sexes,5-14_years,29
United_States,All_Sexes,15-24_years,315
United_States,All_Sexes,18-29_years,765
United_States,All_Sexes,25-34_years,1360
United_States,All_Sexes,30-49_years,8024
United_States,All_Sexes,35-44_years,3542
United_States,All_Sexes,45-54_years,9324
United_States,All_Sexes,50-64_years,27980
United_States,All_Sexes,55-64_years,22254
United_States,All_Sexes,65-74_years,37684
United_States,All_Sexes,75-84_years,46487
United_States,All_Sexes,85_years_and_over,54838
United_States,Male,Under_1_year,13
United_States,Male,0-17_years,54
United_States,Male,1-4_years,7
United_States,Male,5-14_years,20
United_States,Male,15-24_years,195
United_States,Male,18-29_years,499
United_States,Male,25-34_years,904
United_States,Male,30-49_years,5512
United_States,Male,35-44_years,2430
United_States,Male,45-54_years,6362
United_States,Male,50-64_years,18359
United_States,Male,55-64_years,14493
United_States,Male,65-74_years,23213
United_States,Male,75-84_years,25562
United_States,Male,85_years_and_over,21770
United_States,Female,Under_1_year,6
United_States,Female,0-17_years,34
United_States,Female,1-4_years,7
United_States,Female,5-14_years,9
United_States,Female,15-24_years,120
United_States,Female,18-29_years,266
United_States,Female,25-34_years,456
United_States,Female,30-49_years,2512
United_States,Female,35-44_years,1112
United_States,Female,45-54_years,2961
United_States,Female,50-64_years,9620
United_States,Female,55-64_years,7761
United_States,Female,65-74_years,14470
United_States,Female,75-84_years,20924
United_States,Female,85_years_and_over,33067
United_States,Unknown,Under_1_year,0
United_States,Unknown,0-17_years,0
United_States,Unknown,1-4_years,0
United_States,Unknown,5-14_years,0
United_States,Unknown,15-24_years,0
United_States,Unknown,18-29_years,0
United_States,Unknown,25-34_years,0
United_States,Unknown,30-49_years,0
United_States,Unknown,35-44_years,0
United_States,Unknown,45-54_years,1
United_States,Unknown,50-64_years,1
United_States,Unknown,55-64_years,0
United_States,Unknown,65-74_years,1
United_States,Unknown,75-84_years,1
United_States,Unknown,85_years_and_over,1
Alabama,Male,Under_1_year,
Alabama,Male,0-17_years,
Alabama,Male,1-4_years,0
Alabama,Male,5-14_years,0
Alabama,Male,15-24_years,
Alabama,Male,18-29_years,
Alabama,Male,25-34_years,14
Alabama,Male,30-49_years,78
Alabama,Male,35-44_years,34
Alabama,Male,45-54_years,97
Alabama,Male,50-64_years,270
Alabama,Male,55-64_years,208
Alabama,Male,65-74_years,380
Alabama,Male,75-84_years,378
Alabama,Male,85_years_and_over,255
Alabama,Female,Under_1_year,0
Alabama,Female,0-17_years,0
Alabama,Female,1-4_years,0
Alabama,Female,5-14_years,0
Alabama,Female,15-24_years,
Alabama,Female,18-29_years,
Alabama,Female,25-34_years,
Alabama,Female,30-49_years,52
Alabama,Female,35-44_years,24
Alabama,Female,45-54_years,71
Alabama,Female,50-64_years,207
Alabama,Female,55-64_years,158
Alabama,Female,65-74_years,289
Alabama,Female,75-84_years,337
Alabama,Female,85_years_and_over,434
Alabama,Unknown,Under_1_year,0
Alabama,Unknown,0-17_years,0
Alabama,Unknown,1-4_years,0
Alabama,Unknown,5-14_years,0
Alabama,Unknown,15-24_years,0
Alabama,Unknown,18-29_years,0
Alabama,Unknown,25-34_years,0
Alabama,Unknown,30-49_years,0
Alabama,Unknown,35-44_years,0
Alabama,Unknown,45-54_years,0
Alabama,Unknown,50-64_years,0
Alabama,Unknown,55-64_years,0
Alabama,Unknown,65-74_years,0
Alabama,Unknown,75-84_years,0
Alabama,Unknown,85_years_and_over,0
Alaska,Male,Under_1_year,0
Alaska,Male,0-17_years,0
Alaska,Male,1-4_years,0
Alaska,Male,5-14_years,0
Alaska,Male,15-24_years,0
Alaska,Male,18-29_years,0
Alaska,Male,25-34_years,0
Alaska,Male,30-49_years,
Alaska,Male,35-44_years,0
Alaska,Male,45-54_years,
Alaska,Male,50-64_years,
Alaska,Male,55-64_years,
Alaska,Male,65-74_years,
Alaska,Male,75-84_years,
Alaska,Male,85_years_and_over,
Alaska,Female,Under_1_year,0
Alaska,Female,0-17_years,0
Alaska,Female,1-4_years,0
Alaska,Female,5-14_years,0
Alaska,Female,15-24_years,0
Alaska,Female,18-29_years,0
Alaska,Female,25-34_years,
Alaska,Female,30-49_years,
Alaska,Female,35-44_years,0
Alaska,Female,45-54_years,
Alaska,Female,50-64_years,
Alaska,Female,55-64_years,
Alaska,Female,65-74_years,
Alaska,Female,75-84_years,
Alaska,Female,85_years_and_over,
Alaska,Unknown,Under_1_year,0
Alaska,Unknown,0-17_years,0
Alaska,Unknown,1-4_years,0
Alaska,Unknown,5-14_years,0
Alaska,Unknown,15-24_years,0
Alaska,Unknown,18-29_years,0
Alaska,Unknown,25-34_years,0
Alaska,Unknown,30-49_years,0
Alaska,Unknown,35-44_years,0
Alaska,Unknown,45-54_years,0
Alaska,Unknown,50-64_years,0
Alaska,Unknown,55-64_years,0
Alaska,Unknown,65-74_years,0
Alaska,Unknown,75-84_years,0
Alaska,Unknown,85_years_and_over,0
Arizona,Male,Under_1_year,0
Arizona,Male,0-17_years,
Arizona,Male,1-4_years,
Arizona,Male,5-14_years,
Arizona,Male,15-24_years,13
Arizona,Male,18-29_years,33
Arizona,Male,25-34_years,52
Arizona,Male,30-49_years,215
Arizona,Male,35-44_years,99
Arizona,Male,45-54_years,227
Arizona,Male,50-64_years,607
Arizona,Male,55-64_years,465
Arizona,Male,65-74_years,635
Arizona,Male,75-84_years,704
Arizona,Male,85_years_and_over,503
Arizona,Female,Under_1_year,0
Arizona,Female,0-17_years,0
Arizona,Female,1-4_years,0
Arizona,Female,5-14_years,0
Arizona,Female,15-24_years,
Arizona,Female,18-29_years,15
Arizona,Female,25-34_years,27
Arizona,Female,30-49_years,122
Arizona,Female,35-44_years,54
Arizona,Female,45-54_years,100
Arizona,Female,50-64_years,319
Arizona,Female,55-64_years,269
Arizona,Female,65-74_years,430
Arizona,Female,75-84_years,526
Arizona,Female,85_years_and_over,572
Arizona,Unknown,Under_1_year,0
Arizona,Unknown,0-17_years,0
Arizona,Unknown,1-4_years,0
Arizona,Unknown,5-14_years,0
Arizona,Unknown,15-24_years,0
Arizona,Unknown,18-29_years,0
Arizona,Unknown,25-34_years,0
Arizona,Unknown,30-49_years,0
Arizona,Unknown,35-44_years,0
Arizona,Unknown,45-54_years,0
Arizona,Unknown,50-64_years,0
Arizona,Unknown,55-64_years,0
Arizona,Unknown,65-74_years,0
Arizona,Unknown,75-84_years,0
Arizona,Unknown,85_years_and_over,0
Arkansas,Male,Under_1_year,0
Arkansas,Male,0-17_years,0
Arkansas,Male,1-4_years,0
Arkansas,Male,5-14_years,0
Arkansas,Male,15-24_years,
Arkansas,Male,18-29_years,
Arkansas,Male,25-34_years,
Arkansas,Male,30-49_years,34
Arkansas,Male,35-44_years,10
Arkansas,Male,45-54_years,42
Arkansas,Male,50-64_years,107
Arkansas,Male,55-64_years,84
Arkansas,Male,65-74_years,106
Arkansas,Male,75-84_years,130
Arkansas,Male,85_years_and_over,92
Arkansas,Female,Under_1_year,0
Arkansas,Female,0-17_years,0
Arkansas,Female,1-4_years,0
Arkansas,Female,5-14_years,0
Arkansas,Female,15-24_years,
Arkansas,Female,18-29_years,
Arkansas,Female,25-34_years,
Arkansas,Female,30-49_years,27
Arkansas,Female,35-44_years,11
Arkansas,Female,45-54_years,16
Arkansas,Female,50-64_years,57
Arkansas,Female,55-64_years,52
Arkansas,Female,65-74_years,69
Arkansas,Female,75-84_years,101
Arkansas,Female,85_years_and_over,153
Arkansas,Unknown,Under_1_year,0
Arkansas,Unknown,0-17_years,0
Arkansas,Unknown,1-4_years,0
Arkansas,Unknown,5-14_years,0
Arkansas,Unknown,15-24_years,0
Arkansas,Unknown,18-29_years,0
Arkansas,Unknown,25-34_years,0
Arkansas,Unknown,30-49_years,0
Arkansas,Unknown,35-44_years,0
Arkansas,Unknown,45-54_years,0
Arkansas,Unknown,50-64_years,0
Arkansas,Unknown,55-64_years,0
Arkansas,Unknown,65-74_years,0
Arkansas,Unknown,75-84_years,0
Arkansas,Unknown,85_years_and_over,0
California,Male,Under_1_year,
California,Male,0-17_years,
California,Male,1-4_years,0
California,Male,5-14_years,0
California,Male,15-24_years,17
California,Male,18-29_years,47
California,Male,25-34_years,88
California,Male,30-49_years,601
California,Male,35-44_years,273
California,Male,45-54_years,652
California,Male,50-64_years,1731
California,Male,55-64_years,1350
California,Male,65-74_years,1847
California,Male,75-84_years,1764
California,Male,85_years_and_over,1555
California,Female,Under_1_year,0
California,Female,0-17_years,
California,Female,1-4_years,0
California,Female,5-14_years,0
California,Female,15-24_years,16
California,Female,18-29_years,27
California,Female,25-34_years,41
California,Female,30-49_years,233
California,Female,35-44_years,110
California,Female,45-54_years,266
California,Female,50-64_years,722
California,Female,55-64_years,551
California,Female,65-74_years,978
California,Female,75-84_years,1346
California,Female,85_years_and_over,2113
California,Unknown,Under_1_year,0
California,Unknown,0-17_years,0
California,Unknown,1-4_years,0
California,Unknown,5-14_years,0
California,Unknown,15-24_years,0
California,Unknown,18-29_years,0
California,Unknown,25-34_years,0
California,Unknown,30-49_years,0
California,Unknown,35-44_years,0
California,Unknown,45-54_years,0
California,Unknown,50-64_years,0
California,Unknown,55-64_years,0
California,Unknown,65-74_years,0
California,Unknown,75-84_years,0
California,Unknown,85_years_and_over,0
Colorado,Male,Under_1_year,0
Colorado,Male,0-17_years,
Colorado,Male,1-4_years,0
Colorado,Male,5-14_years,0
Colorado,Male,15-24_years,
Colorado,Male,18-29_years,
Colorado,Male,25-34_years,
Colorado,Male,30-49_years,52
Colorado,Male,35-44_years,18
Colorado,Male,45-54_years,66
Colorado,Male,50-64_years,170
Colorado,Male,55-64_years,135
Colorado,Male,65-74_years,235
Colorado,Male,75-84_years,306
Colorado,Male,85_years_and_over,295
Colorado,Female,Under_1_year,0
Colorado,Female,0-17_years,
Colorado,Female,1-4_years,0
Colorado,Female,5-14_years,0
Colorado,Female,15-24_years,
Colorado,Female,18-29_years,
Colorado,Female,25-34_years,
Colorado,Female,30-49_years,15
Colorado,Female,35-44_years,
Colorado,Female,45-54_years,22
Colorado,Female,50-64_years,64
Colorado,Female,55-64_years,46
Colorado,Female,65-74_years,132
Colorado,Female,75-84_years,217
Colorado,Female,85_years_and_over,386
Colorado,Unknown,Under_1_year,0
Colorado,Unknown,0-17_years,0
Colorado,Unknown,1-4_years,0
Colorado,Unknown,5-14_years,0
Colorado,Unknown,15-24_years,0
Colorado,Unknown,18-29_years,0
Colorado,Unknown,25-34_years,0
Colorado,Unknown,30-49_years,0
Colorado,Unknown,35-44_years,0
Colorado,Unknown,45-54_years,0
Colorado,Unknown,50-64_years,0
Colorado,Unknown,55-64_years,0
Colorado,Unknown,65-74_years,0
Colorado,Unknown,75-84_years,0
Colorado,Unknown,85_years_and_over,0
Connecticut,Male,Under_1_year,0
Connecticut,Male,0-17_years,0
Connecticut,Male,1-4_years,0
Connecticut,Male,5-14_years,0
Connecticut,Male,15-24_years,
Connecticut,Male,18-29_years,
Connecticut,Male,25-34_years,11
Connecticut,Male,30-49_years,57
Connecticut,Male,35-44_years,19
Connecticut,Male,45-54_years,75
Connecticut,Male,50-64_years,279
Connecticut,Male,55-64_years,234
Connecticut,Male,65-74_years,453
Connecticut,Male,75-84_years,573
Connecticut,Male,85_years_and_over,725
Connecticut,Female,Under_1_year,0
Connecticut,Female,0-17_years,0
Connecticut,Female,1-4_years,0
Connecticut,Female,5-14_years,0
Connecticut,Female,15-24_years,
Connecticut,Female,18-29_years,
Connecticut,Female,25-34_years,
Connecticut,Female,30-49_years,23
Connecticut,Female,35-44_years,
Connecticut,Female,45-54_years,26
Connecticut,Female,50-64_years,138
Connecticut,Female,55-64_years,123
Connecticut,Female,65-74_years,292
Connecticut,Female,75-84_years,570
Connecticut,Female,85_years_and_over,1244
Connecticut,Unknown,Under_1_year,0
Connecticut,Unknown,0-17_years,0
Connecticut,Unknown,1-4_years,0
Connecticut,Unknown,5-14_years,0
Connecticut,Unknown,15-24_years,0
Connecticut,Unknown,18-29_years,0
Connecticut,Unknown,25-34_years,0
Connecticut,Unknown,30-49_years,0
Connecticut,Unknown,35-44_years,0
Connecticut,Unknown,45-54_years,0
Connecticut,Unknown,50-64_years,0
Connecticut,Unknown,55-64_years,0
Connecticut,Unknown,65-74_years,0
Connecticut,Unknown,75-84_years,0
Connecticut,Unknown,85_years_and_over,0
Delaware,Male,Under_1_year,0
Delaware,Male,0-17_years,0
Delaware,Male,1-4_years,0
Delaware,Male,5-14_years,0
Delaware,Male,15-24_years,
Delaware,Male,18-29_years,
Delaware,Male,25-34_years,
Delaware,Male,30-49_years,10
Delaware,Male,35-44_years,
Delaware,Male,45-54_years,10
Delaware,Male,50-64_years,38
Delaware,Male,55-64_years,32
Delaware,Male,65-74_years,75
Delaware,Male,75-84_years,72
Delaware,Male,85_years_and_over,63
Delaware,Female,Under_1_year,0
Delaware,Female,0-17_years,0
Delaware,Female,1-4_years,0
Delaware,Female,5-14_years,0
Delaware,Female,15-24_years,
Delaware,Female,18-29_years,
Delaware,Female,25-34_years,
Delaware,Female,30-49_years,
Delaware,Female,35-44_years,
Delaware,Female,45-54_years,15
Delaware,Female,50-64_years,35
Delaware,Female,55-64_years,23
Delaware,Female,65-74_years,43
Delaware,Female,75-84_years,70
Delaware,Female,85_years_and_over,133
Delaware,Unknown,Under_1_year,0
Delaware,Unknown,0-17_years,0
Delaware,Unknown,1-4_years,0
Delaware,Unknown,5-14_years,0
Delaware,Unknown,15-24_years,0
Delaware,Unknown,18-29_years,0
Delaware,Unknown,25-34_years,0
Delaware,Unknown,30-49_years,0
Delaware,Unknown,35-44_years,0
Delaware,Unknown,45-54_years,0
Delaware,Unknown,50-64_years,0
Delaware,Unknown,55-64_years,0
Delaware,Unknown,65-74_years,0
Delaware,Unknown,75-84_years,0
Delaware,Unknown,85_years_and_over,0
District_of_Columbia,Male,Under_1_year,
District_of_Columbia,Male,0-17_years,
District_of_Columbia,Male,1-4_years,0
District_of_Columbia,Male,5-14_years,0
District_of_Columbia,Male,15-24_years,0
District_of_Columbia,Male,18-29_years,
District_of_Columbia,Male,25-34_years,
District_of_Columbia,Male,30-49_years,40
District_of_Columbia,Male,35-44_years,21
District_of_Columbia,Male,45-54_years,47
District_of_Columbia,Male,50-64_years,112
District_of_Columbia,Male,55-64_years,82
District_of_Columbia,Male,65-74_years,126
District_of_Columbia,Male,75-84_years,89
District_of_Columbia,Male,85_years_and_over,58
District_of_Columbia,Female,Under_1_year,0
District_of_Columbia,Female,0-17_years,0
District_of_Columbia,Female,1-4_years,0
District_of_Columbia,Female,5-14_years,0
District_of_Columbia,Female,15-24_years,
District_of_Columbia,Female,18-29_years,
District_of_Columbia,Female,25-34_years,
District_of_Columbia,Female,30-49_years,14
District_of_Columbia,Female,35-44_years,
District_of_Columbia,Female,45-54_years,21
District_of_Columbia,Female,50-64_years,63
District_of_Columbia,Female,55-64_years,50
District_of_Columbia,Female,65-74_years,70
District_of_Columbia,Female,75-84_years,63
District_of_Columbia,Female,85_years_and_over,87
District_of_Columbia,Unknown,Under_1_year,0
District_of_Columbia,Unknown,0-17_years,0
District_of_Columbia,Unknown,1-4_years,0
District_of_Columbia,Unknown,5-14_years,0
District_of_Columbia,Unknown,15-24_years,0
District_of_Columbia,Unknown,18-29_years,0
District_of_Columbia,Unknown,25-34_years,0
District_of_Columbia,Unknown,30-49_years,0
District_of_Columbia,Unknown,35-44_years,0
District_of_Columbia,Unknown,45-54_years,0
District_of_Columbia,Unknown,50-64_years,0
District_of_Columbia,Unknown,55-64_years,0
District_of_Columbia,Unknown,65-74_years,0
District_of_Columbia,Unknown,75-84_years,0
District_of_Columbia,Unknown,85_years_and_over,0
Florida,Male,Under_1_year,0
Florida,Male,0-17_years,
Florida,Male,1-4_years,0
Florida,Male,5-14_years,
Florida,Male,15-24_years,18
Florida,Male,18-29_years,30
Florida,Male,25-34_years,43
Florida,Male,30-49_years,295
Florida,Male,35-44_years,136
Florida,Male,45-54_years,332
Florida,Male,50-64_years,1052
Florida,Male,55-64_years,850
Florida,Male,65-74_years,1506
Florida,Male,75-84_years,1916
Florida,Male,85_years_and_over,1650
Florida,Female,Under_1_year,0
Florida,Female,0-17_years,
Florida,Female,1-4_years,0
Florida,Female,5-14_years,
Florida,Female,15-24_years,
Florida,Female,18-29_years,15
Florida,Female,25-34_years,27
Florida,Female,30-49_years,164
Florida,Female,35-44_years,79
Florida,Female,45-54_years,164
Florida,Female,50-64_years,530
Florida,Female,55-64_years,431
Florida,Female,65-74_years,974
Florida,Female,75-84_years,1458
Florida,Female,85_years_and_over,2039
Florida,Unknown,Under_1_year,0
Florida,Unknown,0-17_years,0
Florida,Unknown,1-4_years,0
Florida,Unknown,5-14_years,0
Florida,Unknown,15-24_years,0
Florida,Unknown,18-29_years,0
Florida,Unknown,25-34_years,0
Florida,Unknown,30-49_years,0
Florida,Unknown,35-44_years,0
Florida,Unknown,45-54_years,0
Florida,Unknown,50-64_years,0
Florida,Unknown,55-64_years,0
Florida,Unknown,65-74_years,0
Florida,Unknown,75-84_years,0
Florida,Unknown,85_years_and_over,0
Georgia,Male,Under_1_year,
Georgia,Male,0-17_years,
Georgia,Male,1-4_years,
Georgia,Male,5-14_years,
Georgia,Male,15-24_years,
Georgia,Male,18-29_years,13
Georgia,Male,25-34_years,31
Georgia,Male,30-49_years,143
Georgia,Male,35-44_years,52
Georgia,Male,45-54_years,175
Georgia,Male,50-64_years,516
Georgia,Male,55-64_years,409
Georgia,Male,65-74_years,686
Georgia,Male,75-84_years,707
Georgia,Male,85_years_and_over,459
Georgia,Female,Under_1_year,0
Georgia,Female,0-17_years,
Georgia,Female,1-4_years,0
Georgia,Female,5-14_years,
Georgia,Female,15-24_years,
Georgia,Female,18-29_years,13
Georgia,Female,25-34_years,26
Georgia,Female,30-49_years,125
Georgia,Female,35-44_years,57
Georgia,Female,45-54_years,110
Georgia,Female,50-64_years,348
Georgia,Female,55-64_years,288
Georgia,Female,65-74_years,488
Georgia,Female,75-84_years,618
Georgia,Female,85_years_and_over,725
Georgia,Unknown,Under_1_year,0
Georgia,Unknown,0-17_years,0
Georgia,Unknown,1-4_years,0
Georgia,Unknown,5-14_years,0
Georgia,Unknown,15-24_years,0
Georgia,Unknown,18-29_years,0
Georgia,Unknown,25-34_years,0
Georgia,Unknown,30-49_years,0
Georgia,Unknown,35-44_years,0
Georgia,Unknown,45-54_years,0
Georgia,Unknown,50-64_years,0
Georgia,Unknown,55-64_years,0
Georgia,Unknown,65-74_years,0
Georgia,Unknown,75-84_years,0
Georgia,Unknown,85_years_and_over,0
Hawaii,Male,Under_1_year,0
Hawaii,Male,0-17_years,0
Hawaii,Male,1-4_years,0
Hawaii,Male,5-14_years,0
Hawaii,Male,15-24_years,0
Hawaii,Male,18-29_years,0
Hawaii,Male,25-34_years,0
Hawaii,Male,30-49_years,0
Hawaii,Male,35-44_years,0
Hawaii,Male,45-54_years,
Hawaii,Male,50-64_years,
Hawaii,Male,55-64_years,
Hawaii,Male,65-74_years,11
Hawaii,Male,75-84_years,
Hawaii,Male,85_years_and_over,10
Hawaii,Female,Under_1_year,0
Hawaii,Female,0-17_years,0
Hawaii,Female,1-4_years,0
Hawaii,Female,5-14_years,0
Hawaii,Female,15-24_years,0
Hawaii,Female,18-29_years,
Hawaii,Female,25-34_years,
Hawaii,Female,30-49_years,0
Hawaii,Female,35-44_years,0
Hawaii,Female,45-54_years,
Hawaii,Female,50-64_years,
Hawaii,Female,55-64_years,
Hawaii,Female,65-74_years,
Hawaii,Female,75-84_years,
Hawaii,Female,85_years_and_over,
Hawaii,Unknown,Under_1_year,0
Hawaii,Unknown,0-17_years,0
Hawaii,Unknown,1-4_years,0
Hawaii,Unknown,5-14_years,0
Hawaii,Unknown,15-24_years,0
Hawaii,Unknown,18-29_years,0
Hawaii,Unknown,25-34_years,0
Hawaii,Unknown,30-49_years,0
Hawaii,Unknown,35-44_years,0
Hawaii,Unknown,45-54_years,0
Hawaii,Unknown,50-64_years,0
Hawaii,Unknown,55-64_years,0
Hawaii,Unknown,65-74_years,0
Hawaii,Unknown,75-84_years,0
Hawaii,Unknown,85_years_and_over,0
Idaho,Male,Under_1_year,0
Idaho,Male,0-17_years,0
Idaho,Male,1-4_years,0
Idaho,Male,5-14_years,0
Idaho,Male,15-24_years,0
Idaho,Male,18-29_years,0
Idaho,Male,25-34_years,0
Idaho,Male,30-49_years,
Idaho,Male,35-44_years,
Idaho,Male,45-54_years,
Idaho,Male,50-64_years,19
Idaho,Male,55-64_years,17
Idaho,Male,65-74_years,39
Idaho,Male,75-84_years,81
Idaho,Male,85_years_and_over,67
Idaho,Female,Under_1_year,0
Idaho,Female,0-17_years,0
Idaho,Female,1-4_years,0
Idaho,Female,5-14_years,0
Idaho,Female,15-24_years,0
Idaho,Female,18-29_years,0
Idaho,Female,25-34_years,0
Idaho,Female,30-49_years,
Idaho,Female,35-44_years,
Idaho,Female,45-54_years,
Idaho,Female,50-64_years,13
Idaho,Female,55-64_years,11
Idaho,Female,65-74_years,30
Idaho,Female,75-84_years,39
Idaho,Female,85_years_and_over,79
Idaho,Unknown,Under_1_year,0
Idaho,Unknown,0-17_years,0
Idaho,Unknown,1-4_years,0
Idaho,Unknown,5-14_years,0
Idaho,Unknown,15-24_years,0
Idaho,Unknown,18-29_years,0
Idaho,Unknown,25-34_years,0
Idaho,Unknown,30-49_years,0
Idaho,Unknown,35-44_years,0
Idaho,Unknown,45-54_years,0
Idaho,Unknown,50-64_years,0
Idaho,Unknown,55-64_years,0
Idaho,Unknown,65-74_years,0
Idaho,Unknown,75-84_years,0
Idaho,Unknown,85_years_and_over,0
Illinois,Male,Under_1_year,
Illinois,Male,0-17_years,
Illinois,Male,1-4_years,0
Illinois,Male,5-14_years,
Illinois,Male,15-24_years,
Illinois,Male,18-29_years,23
Illinois,Male,25-34_years,44
Illinois,Male,30-49_years,279
Illinois,Male,35-44_years,127
Illinois,Male,45-54_years,307
Illinois,Male,50-64_years,797
Illinois,Male,55-64_years,612
Illinois,Male,65-74_years,1021
Illinois,Male,75-84_years,1048
Illinois,Male,85_years_and_over,859
Illinois,Female,Under_1_year,
Illinois,Female,0-17_years,
Illinois,Female,1-4_years,0
Illinois,Female,5-14_years,0
Illinois,Female,15-24_years,
Illinois,Female,18-29_years,12
Illinois,Female,25-34_years,20
Illinois,Female,30-49_years,108
Illinois,Female,35-44_years,51
Illinois,Female,45-54_years,125
Illinois,Female,50-64_years,407
Illinois,Female,55-64_years,324
Illinois,Female,65-74_years,566
Illinois,Female,75-84_years,814
Illinois,Female,85_years_and_over,1436
Illinois,Unknown,Under_1_year,0
Illinois,Unknown,0-17_years,0
Illinois,Unknown,1-4_years,0
Illinois,Unknown,5-14_years,0
Illinois,Unknown,15-24_years,0
Illinois,Unknown,18-29_years,0
Illinois,Unknown,25-34_years,0
Illinois,Unknown,30-49_years,0
Illinois,Unknown,35-44_years,0
Illinois,Unknown,45-54_years,0
Illinois,Unknown,50-64_years,0
Illinois,Unknown,55-64_years,0
Illinois,Unknown,65-74_years,0
Illinois,Unknown,75-84_years,0
Illinois,Unknown,85_years_and_over,0
Indiana,Male,Under_1_year,0
Indiana,Male,0-17_years,
Indiana,Male,1-4_years,
Indiana,Male,5-14_years,0
Indiana,Male,15-24_years,
Indiana,Male,18-29_years,
Indiana,Male,25-34_years,10
Indiana,Male,30-49_years,47
Indiana,Male,35-44_years,16
Indiana,Male,45-54_years,58
Indiana,Male,50-64_years,231
Indiana,Male,55-64_years,197
Indiana,Male,65-74_years,433
Indiana,Male,75-84_years,467
Indiana,Male,85_years_and_over,453
Indiana,Female,Under_1_year,0
Indiana,Female,0-17_years,0
Indiana,Female,1-4_years,0
Indiana,Female,5-14_years,0
Indiana,Female,15-24_years,
Indiana,Female,18-29_years,
Indiana,Female,25-34_years,
Indiana,Female,30-49_years,29
Indiana,Female,35-44_years,15
Indiana,Female,45-54_years,40
Indiana,Female,50-64_years,141
Indiana,Female,55-64_years,115
Indiana,Female,65-74_years,266
Indiana,Female,75-84_years,461
Indiana,Female,85_years_and_over,711
Indiana,Unknown,Under_1_year,0
Indiana,Unknown,0-17_years,0
Indiana,Unknown,1-4_years,0
Indiana,Unknown,5-14_years,0
Indiana,Unknown,15-24_years,0
Indiana,Unknown,18-29_years,0
Indiana,Unknown,25-34_years,0
Indiana,Unknown,30-49_years,0
Indiana,Unknown,35-44_years,0
Indiana,Unknown,45-54_years,0
Indiana,Unknown,50-64_years,0
Indiana,Unknown,55-64_years,0
Indiana,Unknown,65-74_years,0
Indiana,Unknown,75-84_years,0
Indiana,Unknown,85_years_and_over,0
Iowa,Male,Under_1_year,0
Iowa,Male,0-17_years,0
Iowa,Male,1-4_years,0
Iowa,Male,5-14_years,0
Iowa,Male,15-24_years,0
Iowa,Male,18-29_years,
Iowa,Male,25-34_years,
Iowa,Male,30-49_years,21
Iowa,Male,35-44_years,11
Iowa,Male,45-54_years,29
Iowa,Male,50-64_years,111
Iowa,Male,55-64_years,89
Iowa,Male,65-74_years,137
Iowa,Male,75-84_years,149
Iowa,Male,85_years_and_over,173
Iowa,Female,Under_1_year,
Iowa,Female,0-17_years,
Iowa,Female,1-4_years,
Iowa,Female,5-14_years,0
Iowa,Female,15-24_years,
Iowa,Female,18-29_years,
Iowa,Female,25-34_years,
Iowa,Female,30-49_years,10
Iowa,Female,35-44_years,
Iowa,Female,45-54_years,11
Iowa,Female,50-64_years,64
Iowa,Female,55-64_years,56
Iowa,Female,65-74_years,91
Iowa,Female,75-84_years,129
Iowa,Female,85_years_and_over,227
Iowa,Unknown,Under_1_year,0
Iowa,Unknown,0-17_years,0
Iowa,Unknown,1-4_years,0
Iowa,Unknown,5-14_years,0
Iowa,Unknown,15-24_years,0
Iowa,Unknown,18-29_years,0
Iowa,Unknown,25-34_years,0
Iowa,Unknown,30-49_years,0
Iowa,Unknown,35-44_years,0
Iowa,Unknown,45-54_years,0
Iowa,Unknown,50-64_years,0
Iowa,Unknown,55-64_years,0
Iowa,Unknown,65-74_years,0
Iowa,Unknown,75-84_years,0
Iowa,Unknown,85_years_and_over,0
Kansas,Male,Under_1_year,0
Kansas,Male,0-17_years,0
Kansas,Male,1-4_years,0
Kansas,Male,5-14_years,0
Kansas,Male,15-24_years,
Kansas,Male,18-29_years,
Kansas,Male,25-34_years,
Kansas,Male,30-49_years,20
Kansas,Male,35-44_years,
Kansas,Male,45-54_years,21
Kansas,Male,50-64_years,63
Kansas,Male,55-64_years,53
Kansas,Male,65-74_years,72
Kansas,Male,75-84_years,85
Kansas,Male,85_years_and_over,68
Kansas,Female,Under_1_year,0
Kansas,Female,0-17_years,0
Kansas,Female,1-4_years,0
Kansas,Female,5-14_years,0
Kansas,Female,15-24_years,
Kansas,Female,18-29_years,
Kansas,Female,25-34_years,
Kansas,Female,30-49_years,
Kansas,Female,35-44_years,
Kansas,Female,45-54_years,
Kansas,Female,50-64_years,28
Kansas,Female,55-64_years,25
Kansas,Female,65-74_years,39
Kansas,Female,75-84_years,51
Kansas,Female,85_years_and_over,104
Kansas,Unknown,Under_1_year,0
Kansas,Unknown,0-17_years,0
Kansas,Unknown,1-4_years,0
Kansas,Unknown,5-14_years,0
Kansas,Unknown,15-24_years,0
Kansas,Unknown,18-29_years,0
Kansas,Unknown,25-34_years,0
Kansas,Unknown,30-49_years,0
Kansas,Unknown,35-44_years,0
Kansas,Unknown,45-54_years,0
Kansas,Unknown,50-64_years,0
Kansas,Unknown,55-64_years,0
Kansas,Unknown,65-74_years,0
Kansas,Unknown,75-84_years,0
Kansas,Unknown,85_years_and_over,0
Kentucky,Male,Under_1_year,0
Kentucky,Male,0-17_years,0
Kentucky,Male,1-4_years,0
Kentucky,Male,5-14_years,0
Kentucky,Male,15-24_years,0
Kentucky,Male,18-29_years,0
Kentucky,Male,25-34_years,
Kentucky,Male,30-49_years,25
Kentucky,Male,35-44_years,15
Kentucky,Male,45-54_years,23
Kentucky,Male,50-64_years,75
Kentucky,Male,55-64_years,60
Kentucky,Male,65-74_years,142
Kentucky,Male,75-84_years,111
Kentucky,Male,85_years_and_over,94
Kentucky,Female,Under_1_year,0
Kentucky,Female,0-17_years,0
Kentucky,Female,1-4_years,0
Kentucky,Female,5-14_years,0
Kentucky,Female,15-24_years,0
Kentucky,Female,18-29_years,0
Kentucky,Female,25-34_years,
Kentucky,Female,30-49_years,
Kentucky,Female,35-44_years,
Kentucky,Female,45-54_years,15
Kentucky,Female,50-64_years,60
Kentucky,Female,55-64_years,50
Kentucky,Female,65-74_years,87
Kentucky,Female,75-84_years,137
Kentucky,Female,85_years_and_over,235
Kentucky,Unknown,Under_1_year,0
Kentucky,Unknown,0-17_years,0
Kentucky,Unknown,1-4_years,0
Kentucky,Unknown,5-14_years,0
Kentucky,Unknown,15-24_years,0
Kentucky,Unknown,18-29_years,0
Kentucky,Unknown,25-34_years,0
Kentucky,Unknown,30-49_years,0
Kentucky,Unknown,35-44_years,0
Kentucky,Unknown,45-54_years,0
Kentucky,Unknown,50-64_years,0
Kentucky,Unknown,55-64_years,0
Kentucky,Unknown,65-74_years,0
Kentucky,Unknown,75-84_years,0
Kentucky,Unknown,85_years_and_over,0
Louisiana,Male,Under_1_year,0
Louisiana,Male,0-17_years,
Louisiana,Male,1-4_years,
Louisiana,Male,5-14_years,
Louisiana,Male,15-24_years,
Louisiana,Male,18-29_years,10
Louisiana,Male,25-34_years,17
Louisiana,Male,30-49_years,124
Louisiana,Male,35-44_years,52
Louisiana,Male,45-54_years,142
Louisiana,Male,50-64_years,416
Louisiana,Male,55-64_years,333
Louisiana,Male,65-74_years,564
Louisiana,Male,75-84_years,668
Louisiana,Male,85_years_and_over,468
Louisiana,Female,Under_1_year,
Louisiana,Female,0-17_years,
Louisiana,Female,1-4_years,0
Louisiana,Female,5-14_years,0
Louisiana,Female,15-24_years,
Louisiana,Female,18-29_years,10
Louisiana,Female,25-34_years,16
Louisiana,Female,30-49_years,86
Louisiana,Female,35-44_years,43
Louisiana,Female,45-54_years,92
Louisiana,Female,50-64_years,305
Louisiana,Female,55-64_years,247
Louisiana,Female,65-74_years,378
Louisiana,Female,75-84_years,588
Louisiana,Female,85_years_and_over,649
Louisiana,Unknown,Under_1_year,0
Louisiana,Unknown,0-17_years,0
Louisiana,Unknown,1-4_years,0
Louisiana,Unknown,5-14_years,0
Louisiana,Unknown,15-24_years,0
Louisiana,Unknown,18-29_years,0
Louisiana,Unknown,25-34_years,0
Louisiana,Unknown,30-49_years,0
Louisiana,Unknown,35-44_years,0
Louisiana,Unknown,45-54_years,0
Louisiana,Unknown,50-64_years,0
Louisiana,Unknown,55-64_years,0
Louisiana,Unknown,65-74_years,0
Louisiana,Unknown,75-84_years,0
Louisiana,Unknown,85_years_and_over,0
Maine,Male,Under_1_year,0
Maine,Male,0-17_years,0
Maine,Male,1-4_years,0
Maine,Male,5-14_years,0
Maine,Male,15-24_years,0
Maine,Male,18-29_years,0
Maine,Male,25-34_years,0
Maine,Male,30-49_years,
Maine,Male,35-44_years,
Maine,Male,45-54_years,
Maine,Male,50-64_years,
Maine,Male,55-64_years,
Maine,Male,65-74_years,18
Maine,Male,75-84_years,20
Maine,Male,85_years_and_over,20
Maine,Female,Under_1_year,0
Maine,Female,0-17_years,0
Maine,Female,1-4_years,0
Maine,Female,5-14_years,0
Maine,Female,15-24_years,0
Maine,Female,18-29_years,0
Maine,Female,25-34_years,0
Maine,Female,30-49_years,
Maine,Female,35-44_years,
Maine,Female,45-54_years,
Maine,Female,50-64_years,
Maine,Female,55-64_years,
Maine,Female,65-74_years,
Maine,Female,75-84_years,24
Maine,Female,85_years_and_over,41
Maine,Unknown,Under_1_year,0
Maine,Unknown,0-17_years,0
Maine,Unknown,1-4_years,0
Maine,Unknown,5-14_years,0
Maine,Unknown,15-24_years,0
Maine,Unknown,18-29_years,0
Maine,Unknown,25-34_years,0
Maine,Unknown,30-49_years,0
Maine,Unknown,35-44_years,0
Maine,Unknown,45-54_years,0
Maine,Unknown,50-64_years,0
Maine,Unknown,55-64_years,0
Maine,Unknown,65-74_years,0
Maine,Unknown,75-84_years,0
Maine,Unknown,85_years_and_over,0
Maryland,Male,Under_1_year,0
Maryland,Male,0-17_years,0
Maryland,Male,1-4_years,0
Maryland,Male,5-14_years,0
Maryland,Male,15-24_years,
Maryland,Male,18-29_years,18
Maryland,Male,25-34_years,31
Maryland,Male,30-49_years,136
Maryland,Male,35-44_years,66
Maryland,Male,45-54_years,133
Maryland,Male,50-64_years,397
Maryland,Male,55-64_years,317
Maryland,Male,65-74_years,446
Maryland,Male,75-84_years,585
Maryland,Male,85_years_and_over,489
Maryland,Female,Under_1_year,0
Maryland,Female,0-17_years,
Maryland,Female,1-4_years,0
Maryland,Female,5-14_years,0
Maryland,Female,15-24_years,
Maryland,Female,18-29_years,
Maryland,Female,25-34_years,
Maryland,Female,30-49_years,51
Maryland,Female,35-44_years,23
Maryland,Female,45-54_years,75
Maryland,Female,50-64_years,233
Maryland,Female,55-64_years,181
Maryland,Female,65-74_years,352
Maryland,Female,75-84_years,528
Maryland,Female,85_years_and_over,821
Maryland,Unknown,Under_1_year,0
Maryland,Unknown,0-17_years,0
Maryland,Unknown,1-4_years,0
Maryland,Unknown,5-14_years,0
Maryland,Unknown,15-24_years,0
Maryland,Unknown,18-29_years,0
Maryland,Unknown,25-34_years,0
Maryland,Unknown,30-49_years,0
Maryland,Unknown,35-44_years,0
Maryland,Unknown,45-54_years,0
Maryland,Unknown,50-64_years,0
Maryland,Unknown,55-64_years,0
Maryland,Unknown,65-74_years,0
Maryland,Unknown,75-84_years,0
Maryland,Unknown,85_years_and_over,0
Massachusetts,Male,Under_1_year,0
Massachusetts,Male,0-17_years,0
Massachusetts,Male,1-4_years,0
Massachusetts,Male,5-14_years,0
Massachusetts,Male,15-24_years,
Massachusetts,Male,18-29_years,
Massachusetts,Male,25-34_years,12
Massachusetts,Male,30-49_years,79
Massachusetts,Male,35-44_years,34
Massachusetts,Male,45-54_years,98
Massachusetts,Male,50-64_years,403
Massachusetts,Male,55-64_years,340
Massachusetts,Male,65-74_years,724
Massachusetts,Male,75-84_years,1135
Massachusetts,Male,85_years_and_over,1370
Massachusetts,Female,Under_1_year,0
Massachusetts,Female,0-17_years,0
Massachusetts,Female,1-4_years,0
Massachusetts,Female,5-14_years,0
Massachusetts,Female,15-24_years,
Massachusetts,Female,18-29_years,
Massachusetts,Female,25-34_years,
Massachusetts,Female,30-49_years,36
Massachusetts,Female,35-44_years,14
Massachusetts,Female,45-54_years,65
Massachusetts,Female,50-64_years,246
Massachusetts,Female,55-64_years,199
Massachusetts,Female,65-74_years,494
Massachusetts,Female,75-84_years,1052
Massachusetts,Female,85_years_and_over,2426
Massachusetts,Unknown,Under_1_year,0
Massachusetts,Unknown,0-17_years,0
Massachusetts,Unknown,1-4_years,0
Massachusetts,Unknown,5-14_years,0
Massachusetts,Unknown,15-24_years,0
Massachusetts,Unknown,18-29_years,0
Massachusetts,Unknown,25-34_years,0
Massachusetts,Unknown,30-49_years,0
Massachusetts,Unknown,35-44_years,0
Massachusetts,Unknown,45-54_years,0
Massachusetts,Unknown,50-64_years,0
Massachusetts,Unknown,55-64_years,0
Massachusetts,Unknown,65-74_years,0
Massachusetts,Unknown,75-84_years,0
Massachusetts,Unknown,85_years_and_over,0
Michigan,Male,Under_1_year,0
Michigan,Male,0-17_years,0
Michigan,Male,1-4_years,0
Michigan,Male,5-14_years,0
Michigan,Male,15-24_years,
Michigan,Male,18-29_years,13
Michigan,Male,25-34_years,28
Michigan,Male,30-49_years,168
Michigan,Male,35-44_years,60
Michigan,Male,45-54_years,221
Michigan,Male,50-64_years,583
Michigan,Male,55-64_years,452
Michigan,Male,65-74_years,839
Michigan,Male,75-84_years,873
Michigan,Male,85_years_and_over,681
Michigan,Female,Under_1_year,0
Michigan,Female,0-17_years,
Michigan,Female,1-4_years,0
Michigan,Female,5-14_years,
Michigan,Female,15-24_years,
Michigan,Female,18-29_years,11
Michigan,Female,25-34_years,13
Michigan,Female,30-49_years,94
Michigan,Female,35-44_years,35
Michigan,Female,45-54_years,120
Michigan,Female,50-64_years,350
Michigan,Female,55-64_years,283
Michigan,Female,65-74_years,600
Michigan,Female,75-84_years,717
Michigan,Female,85_years_and_over,1100
Michigan,Unknown,Under_1_year,0
Michigan,Unknown,0-17_years,0
Michigan,Unknown,1-4_years,0
Michigan,Unknown,5-14_years,0
Michigan,Unknown,15-24_years,0
Michigan,Unknown,18-29_years,0
Michigan,Unknown,25-34_years,0
Michigan,Unknown,30-49_years,0
Michigan,Unknown,35-44_years,0
Michigan,Unknown,45-54_years,0
Michigan,Unknown,50-64_years,0
Michigan,Unknown,55-64_years,0
Michigan,Unknown,65-74_years,0
Michigan,Unknown,75-84_years,0
Michigan,Unknown,85_years_and_over,
Minnesota,Male,Under_1_year,0
Minnesota,Male,0-17_years,0
Minnesota,Male,1-4_years,0
Minnesota,Male,5-14_years,0
Minnesota,Male,15-24_years,
Minnesota,Male,18-29_years,
Minnesota,Male,25-34_years,
Minnesota,Male,30-49_years,23
Minnesota,Male,35-44_years,11
Minnesota,Male,45-54_years,32
Minnesota,Male,50-64_years,119
Minnesota,Male,55-64_years,96
Minnesota,Male,65-74_years,172
Minnesota,Male,75-84_years,255
Minnesota,Male,85_years_and_over,302
Minnesota,Female,Under_1_year,
Minnesota,Female,0-17_years,
Minnesota,Female,1-4_years,0
Minnesota,Female,5-14_years,0
Minnesota,Female,15-24_years,0
Minnesota,Female,18-29_years,
Minnesota,Female,25-34_years,
Minnesota,Female,30-49_years,13
Minnesota,Female,35-44_years,
Minnesota,Female,45-54_years,17
Minnesota,Female,50-64_years,59
Minnesota,Female,55-64_years,47
Minnesota,Female,65-74_years,139
Minnesota,Female,75-84_years,228
Minnesota,Female,85_years_and_over,479
Minnesota,Unknown,Under_1_year,0
Minnesota,Unknown,0-17_years,0
Minnesota,Unknown,1-4_years,0
Minnesota,Unknown,5-14_years,0
Minnesota,Unknown,15-24_years,0
Minnesota,Unknown,18-29_years,0
Minnesota,Unknown,25-34_years,0
Minnesota,Unknown,30-49_years,0
Minnesota,Unknown,35-44_years,0
Minnesota,Unknown,45-54_years,0
Minnesota,Unknown,50-64_years,0
Minnesota,Unknown,55-64_years,0
Minnesota,Unknown,65-74_years,0
Minnesota,Unknown,75-84_years,0
Minnesota,Unknown,85_years_and_over,0
Mississippi,Male,Under_1_year,0
Mississippi,Male,0-17_years,0
Mississippi,Male,1-4_years,0
Mississippi,Male,5-14_years,0
Mississippi,Male,15-24_years,
Mississippi,Male,18-29_years,
Mississippi,Male,25-34_years,13
Mississippi,Male,30-49_years,75
Mississippi,Male,35-44_years,32
Mississippi,Male,45-54_years,73
Mississippi,Male,50-64_years,215
Mississippi,Male,55-64_years,175
Mississippi,Male,65-74_years,321
Mississippi,Male,75-84_years,334
Mississippi,Male,85_years_and_over,208
Mississippi,Female,Under_1_year,0
Mississippi,Female,0-17_years,0
Mississippi,Female,1-4_years,0
Mississippi,Female,5-14_years,0
Mississippi,Female,15-24_years,
Mississippi,Female,18-29_years,
Mississippi,Female,25-34_years,11
Mississippi,Female,30-49_years,66
Mississippi,Female,35-44_years,26
Mississippi,Female,45-54_years,80
Mississippi,Female,50-64_years,217
Mississippi,Female,55-64_years,171
Mississippi,Female,65-74_years,242
Mississippi,Female,75-84_years,286
Mississippi,Female,85_years_and_over,350
Mississippi,Unknown,Under_1_year,0
Mississippi,Unknown,0-17_years,0
Mississippi,Unknown,1-4_years,0
Mississippi,Unknown,5-14_years,0
Mississippi,Unknown,15-24_years,0
Mississippi,Unknown,18-29_years,0
Mississippi,Unknown,25-34_years,0
Mississippi,Unknown,30-49_years,0
Mississippi,Unknown,35-44_years,0
Mississippi,Unknown,45-54_years,0
Mississippi,Unknown,50-64_years,0
Mississippi,Unknown,55-64_years,0
Mississippi,Unknown,65-74_years,0
Mississippi,Unknown,75-84_years,
Mississippi,Unknown,85_years_and_over,0
Missouri,Male,Under_1_year,0
Missouri,Male,0-17_years,0
Missouri,Male,1-4_years,0
Missouri,Male,5-14_years,0
Missouri,Male,15-24_years,
Missouri,Male,18-29_years,
Missouri,Male,25-34_years,
Missouri,Male,30-49_years,20
Missouri,Male,35-44_years,
Missouri,Male,45-54_years,38
Missouri,Male,50-64_years,127
Missouri,Male,55-64_years,100
Missouri,Male,65-74_years,194
Missouri,Male,75-84_years,232
Missouri,Male,85_years_and_over,204
Missouri,Female,Under_1_year,0
Missouri,Female,0-17_years,0
Missouri,Female,1-4_years,0
Missouri,Female,5-14_years,0
Missouri,Female,15-24_years,
Missouri,Female,18-29_years,
Missouri,Female,25-34_years,
Missouri,Female,30-49_years,16
Missouri,Female,35-44_years,
Missouri,Female,45-54_years,20
Missouri,Female,50-64_years,77
Missouri,Female,55-64_years,63
Missouri,Female,65-74_years,133
Missouri,Female,75-84_years,188
Missouri,Female,85_years_and_over,376
Missouri,Unknown,Under_1_year,0
Missouri,Unknown,0-17_years,0
Missouri,Unknown,1-4_years,0
Missouri,Unknown,5-14_years,0
Missouri,Unknown,15-24_years,0
Missouri,Unknown,18-29_years,0
Missouri,Unknown,25-34_years,0
Missouri,Unknown,30-49_years,0
Missouri,Unknown,35-44_years,0
Missouri,Unknown,45-54_years,0
Missouri,Unknown,50-64_years,0
Missouri,Unknown,55-64_years,0
Missouri,Unknown,65-74_years,0
Missouri,Unknown,75-84_years,0
Missouri,Unknown,85_years_and_over,0
Montana,Male,Under_1_year,0
Montana,Male,0-17_years,0
Montana,Male,1-4_years,0
Montana,Male,5-14_years,0
Montana,Male,15-24_years,0
Montana,Male,18-29_years,0
Montana,Male,25-34_years,0
Montana,Male,30-49_years,
Montana,Male,35-44_years,
Montana,Male,45-54_years,
Montana,Male,50-64_years,
Montana,Male,55-64_years,
Montana,Male,65-74_years,14
Montana,Male,75-84_years,15
Montana,Male,85_years_and_over,11
Montana,Female,Under_1_year,0
Montana,Female,0-17_years,0
Montana,Female,1-4_years,0
Montana,Female,5-14_years,0
Montana,Female,15-24_years,0
Montana,Female,18-29_years,0
Montana,Female,25-34_years,
Montana,Female,30-49_years,
Montana,Female,35-44_years,0
Montana,Female,45-54_years,
Montana,Female,50-64_years,
Montana,Female,55-64_years,
Montana,Female,65-74_years,
Montana,Female,75-84_years,14
Montana,Female,85_years_and_over,18
Montana,Unknown,Under_1_year,0
Montana,Unknown,0-17_years,0
Montana,Unknown,1-4_years,0
Montana,Unknown,5-14_years,0
Montana,Unknown,15-24_years,0
Montana,Unknown,18-29_years,0
Montana,Unknown,25-34_years,0
Montana,Unknown,30-49_years,0
Montana,Unknown,35-44_years,0
Montana,Unknown,45-54_years,0
Montana,Unknown,50-64_years,0
Montana,Unknown,55-64_years,0
Montana,Unknown,65-74_years,0
Montana,Unknown,75-84_years,0
Montana,Unknown,85_years_and_over,0
Nebraska,Male,Under_1_year,0
Nebraska,Male,0-17_years,0
Nebraska,Male,1-4_years,0
Nebraska,Male,5-14_years,0
Nebraska,Male,15-24_years,0
Nebraska,Male,18-29_years,
Nebraska,Male,25-34_years,
Nebraska,Male,30-49_years,13
Nebraska,Male,35-44_years,
Nebraska,Male,45-54_years,15
Nebraska,Male,50-64_years,42
Nebraska,Male,55-64_years,32
Nebraska,Male,65-74_years,57
Nebraska,Male,75-84_years,55
Nebraska,Male,85_years_and_over,41
Nebraska,Female,Under_1_year,0
Nebraska,Female,0-17_years,0
Nebraska,Female,1-4_years,0
Nebraska,Female,5-14_years,0
Nebraska,Female,15-24_years,0
Nebraska,Female,18-29_years,0
Nebraska,Female,25-34_years,
Nebraska,Female,30-49_years,
Nebraska,Female,35-44_years,
Nebraska,Female,45-54_years,
Nebraska,Female,50-64_years,28
Nebraska,Female,55-64_years,22
Nebraska,Female,65-74_years,27
Nebraska,Female,75-84_years,45
Nebraska,Female,85_years_and_over,71
Nebraska,Unknown,Under_1_year,0
Nebraska,Unknown,0-17_years,0
Nebraska,Unknown,1-4_years,0
Nebraska,Unknown,5-14_years,0
Nebraska,Unknown,15-24_years,0
Nebraska,Unknown,18-29_years,0
Nebraska,Unknown,25-34_years,0
Nebraska,Unknown,30-49_years,0
Nebraska,Unknown,35-44_years,0
Nebraska,Unknown,45-54_years,0
Nebraska,Unknown,50-64_years,0
Nebraska,Unknown,55-64_years,0
Nebraska,Unknown,65-74_years,0
Nebraska,Unknown,75-84_years,0
Nebraska,Unknown,85_years_and_over,0
Nevada,Male,Under_1_year,0
Nevada,Male,0-17_years,
Nevada,Male,1-4_years,0
Nevada,Male,5-14_years,
Nevada,Male,15-24_years,
Nevada,Male,18-29_years,
Nevada,Male,25-34_years,
Nevada,Male,30-49_years,51
Nevada,Male,35-44_years,22
Nevada,Male,45-54_years,77
Nevada,Male,50-64_years,155
Nevada,Male,55-64_years,106
Nevada,Male,65-74_years,201
Nevada,Male,75-84_years,222
Nevada,Male,85_years_and_over,116
Nevada,Female,Under_1_year,0
Nevada,Female,0-17_years,0
Nevada,Female,1-4_years,0
Nevada,Female,5-14_years,0
Nevada,Female,15-24_years,0
Nevada,Female,18-29_years,
Nevada,Female,25-34_years,
Nevada,Female,30-49_years,19
Nevada,Female,35-44_years,
Nevada,Female,45-54_years,25
Nevada,Female,50-64_years,75
Nevada,Female,55-64_years,59
Nevada,Female,65-74_years,118
Nevada,Female,75-84_years,139
Nevada,Female,85_years_and_over,108
Nevada,Unknown,Under_1_year,0
Nevada,Unknown,0-17_years,0
Nevada,Unknown,1-4_years,0
Nevada,Unknown,5-14_years,0
Nevada,Unknown,15-24_years,0
Nevada,Unknown,18-29_years,0
Nevada,Unknown,25-34_years,0
Nevada,Unknown,30-49_years,0
Nevada,Unknown,35-44_years,0
Nevada,Unknown,45-54_years,0
Nevada,Unknown,50-64_years,0
Nevada,Unknown,55-64_years,0
Nevada,Unknown,65-74_years,0
Nevada,Unknown,75-84_years,0
Nevada,Unknown,85_years_and_over,0
New_Hampshire,Male,Under_1_year,0
New_Hampshire,Male,0-17_years,0
New_Hampshire,Male,1-4_years,0
New_Hampshire,Male,5-14_years,0
New_Hampshire,Male,15-24_years,
New_Hampshire,Male,18-29_years,
New_Hampshire,Male,25-34_years,0
New_Hampshire,Male,30-49_years,
New_Hampshire,Male,35-44_years,
New_Hampshire,Male,45-54_years,
New_Hampshire,Male,50-64_years,19
New_Hampshire,Male,55-64_years,14
New_Hampshire,Male,65-74_years,34
New_Hampshire,Male,75-84_years,63
New_Hampshire,Male,85_years_and_over,81
New_Hampshire,Female,Under_1_year,0
New_Hampshire,Female,0-17_years,0
New_Hampshire,Female,1-4_years,0
New_Hampshire,Female,5-14_years,0
New_Hampshire,Female,15-24_years,0
New_Hampshire,Female,18-29_years,0
New_Hampshire,Female,25-34_years,0
New_Hampshire,Female,30-49_years,0
New_Hampshire,Female,35-44_years,0
New_Hampshire,Female,45-54_years,
New_Hampshire,Female,50-64_years,
New_Hampshire,Female,55-64_years,
New_Hampshire,Female,65-74_years,26
New_Hampshire,Female,75-84_years,54
New_Hampshire,Female,85_years_and_over,127
New_Hampshire,Unknown,Under_1_year,0
New_Hampshire,Unknown,0-17_years,0
New_Hampshire,Unknown,1-4_years,0
New_Hampshire,Unknown,5-14_years,0
New_Hampshire,Unknown,15-24_years,0
New_Hampshire,Unknown,18-29_years,0
New_Hampshire,Unknown,25-34_years,0
New_Hampshire,Unknown,30-49_years,0
New_Hampshire,Unknown,35-44_years,0
New_Hampshire,Unknown,45-54_years,0
New_Hampshire,Unknown,50-64_years,0
New_Hampshire,Unknown,55-64_years,0
New_Hampshire,Unknown,65-74_years,0
New_Hampshire,Unknown,75-84_years,0
New_Hampshire,Unknown,85_years_and_over,0
New_Jersey,Male,Under_1_year,0
New_Jersey,Male,0-17_years,0
New_Jersey,Male,1-4_years,0
New_Jersey,Male,5-14_years,0
New_Jersey,Male,15-24_years,11
New_Jersey,Male,18-29_years,37
New_Jersey,Male,25-34_years,75
New_Jersey,Male,30-49_years,469
New_Jersey,Male,35-44_years,199
New_Jersey,Male,45-54_years,566
New_Jersey,Male,50-64_years,1590
New_Jersey,Male,55-64_years,1245
New_Jersey,Male,65-74_years,1730
New_Jersey,Male,75-84_years,1939
New_Jersey,Male,85_years_and_over,1780
New_Jersey,Female,Under_1_year,0
New_Jersey,Female,0-17_years,
New_Jersey,Female,1-4_years,
New_Jersey,Female,5-14_years,0
New_Jersey,Female,15-24_years,
New_Jersey,Female,18-29_years,17
New_Jersey,Female,25-34_years,35
New_Jersey,Female,30-49_years,149
New_Jersey,Female,35-44_years,67
New_Jersey,Female,45-54_years,185
New_Jersey,Female,50-64_years,696
New_Jersey,Female,55-64_years,572
New_Jersey,Female,65-74_years,1016
New_Jersey,Female,75-84_years,1742
New_Jersey,Female,85_years_and_over,3005
New_Jersey,Unknown,Under_1_year,0
New_Jersey,Unknown,0-17_years,0
New_Jersey,Unknown,1-4_years,0
New_Jersey,Unknown,5-14_years,0
New_Jersey,Unknown,15-24_years,0
New_Jersey,Unknown,18-29_years,0
New_Jersey,Unknown,25-34_years,0
New_Jersey,Unknown,30-49_years,0
New_Jersey,Unknown,35-44_years,0
New_Jersey,Unknown,45-54_years,0
New_Jersey,Unknown,50-64_years,0
New_Jersey,Unknown,55-64_years,0
New_Jersey,Unknown,65-74_years,
New_Jersey,Unknown,75-84_years,0
New_Jersey,Unknown,85_years_and_over,0
New_Mexico,Male,Under_1_year,0
New_Mexico,Male,0-17_years,0
New_Mexico,Male,1-4_years,0
New_Mexico,Male,5-14_years,0
New_Mexico,Male,15-24_years,
New_Mexico,Male,18-29_years,
New_Mexico,Male,25-34_years,19
New_Mexico,Male,30-49_years,48
New_Mexico,Male,35-44_years,21
New_Mexico,Male,45-54_years,36
New_Mexico,Male,50-64_years,84
New_Mexico,Male,55-64_years,61
New_Mexico,Male,65-74_years,89
New_Mexico,Male,75-84_years,75
New_Mexico,Male,85_years_and_over,83
New_Mexico,Female,Under_1_year,0
New_Mexico,Female,0-17_years,0
New_Mexico,Female,1-4_years,0
New_Mexico,Female,5-14_years,0
New_Mexico,Female,15-24_years,0
New_Mexico,Female,18-29_years,
New_Mexico,Female,25-34_years,
New_Mexico,Female,30-49_years,21
New_Mexico,Female,35-44_years,13
New_Mexico,Female,45-54_years,21
New_Mexico,Female,50-64_years,62
New_Mexico,Female,55-64_years,44
New_Mexico,Female,65-74_years,58
New_Mexico,Female,75-84_years,97
New_Mexico,Female,85_years_and_over,119
New_Mexico,Unknown,Under_1_year,0
New_Mexico,Unknown,0-17_years,0
New_Mexico,Unknown,1-4_years,0
New_Mexico,Unknown,5-14_years,0
New_Mexico,Unknown,15-24_years,0
New_Mexico,Unknown,18-29_years,0
New_Mexico,Unknown,25-34_years,0
New_Mexico,Unknown,30-49_years,0
New_Mexico,Unknown,35-44_years,0
New_Mexico,Unknown,45-54_years,0
New_Mexico,Unknown,50-64_years,0
New_Mexico,Unknown,55-64_years,0
New_Mexico,Unknown,65-74_years,0
New_Mexico,Unknown,75-84_years,0
New_Mexico,Unknown,85_years_and_over,0
New_York,Male,Under_1_year,0
New_York,Male,0-17_years,
New_York,Male,1-4_years,0
New_York,Male,5-14_years,
New_York,Male,15-24_years,11
New_York,Male,18-29_years,28
New_York,Male,25-34_years,48
New_York,Male,30-49_years,303
New_York,Male,35-44_years,128
New_York,Male,45-54_years,377
New_York,Male,50-64_years,1148
New_York,Male,55-64_years,915
New_York,Male,65-74_years,1470
New_York,Male,75-84_years,1611
New_York,Male,85_years_and_over,1532
New_York,Female,Under_1_year,0
New_York,Female,0-17_years,
New_York,Female,1-4_years,0
New_York,Female,5-14_years,0
New_York,Female,15-24_years,
New_York,Female,18-29_years,
New_York,Female,25-34_years,19
New_York,Female,30-49_years,114
New_York,Female,35-44_years,53
New_York,Female,45-54_years,134
New_York,Female,50-64_years,525
New_York,Female,55-64_years,441
New_York,Female,65-74_years,828
New_York,Female,75-84_years,1342
New_York,Female,85_years_and_over,2624
New_York,Unknown,Under_1_year,0
New_York,Unknown,0-17_years,0
New_York,Unknown,1-4_years,0
New_York,Unknown,5-14_years,0
New_York,Unknown,15-24_years,0
New_York,Unknown,18-29_years,0
New_York,Unknown,25-34_years,0
New_York,Unknown,30-49_years,0
New_York,Unknown,35-44_years,0
New_York,Unknown,45-54_years,0
New_York,Unknown,50-64_years,0
New_York,Unknown,55-64_years,0
New_York,Unknown,65-74_years,0
New_York,Unknown,75-84_years,0
New_York,Unknown,85_years_and_over,0
New_York_City,Male,Under_1_year,
New_York_City,Male,0-17_years,
New_York_City,Male,1-4_years,
New_York_City,Male,5-14_years,
New_York_City,Male,15-24_years,23
New_York_City,Male,18-29_years,62
New_York_City,Male,25-34_years,112
New_York_City,Male,30-49_years,857
New_York_City,Male,35-44_years,401
New_York_City,Male,45-54_years,992
New_York_City,Male,50-64_years,2832
New_York_City,Male,55-64_years,2223
New_York_City,Male,65-74_years,3268
New_York_City,Male,75-84_years,3109
New_York_City,Male,85_years_and_over,2110
New_York_City,Female,Under_1_year,
New_York_City,Female,0-17_years,
New_York_City,Female,1-4_years,
New_York_City,Female,5-14_years,
New_York_City,Female,15-24_years,10
New_York_City,Female,18-29_years,26
New_York_City,Female,25-34_years,55
New_York_City,Female,30-49_years,303
New_York_City,Female,35-44_years,116
New_York_City,Female,45-54_years,394
New_York_City,Female,50-64_years,1301
New_York_City,Female,55-64_years,1057
New_York_City,Female,65-74_years,1760
New_York_City,Female,75-84_years,2289
New_York_City,Female,85_years_and_over,2737
New_York_City,Unknown,Under_1_year,0
New_York_City,Unknown,0-17_years,0
New_York_City,Unknown,1-4_years,0
New_York_City,Unknown,5-14_years,0
New_York_City,Unknown,15-24_years,0
New_York_City,Unknown,18-29_years,0
New_York_City,Unknown,25-34_years,0
New_York_City,Unknown,30-49_years,0
New_York_City,Unknown,35-44_years,0
New_York_City,Unknown,45-54_years,0
New_York_City,Unknown,50-64_years,0
New_York_City,Unknown,55-64_years,0
New_York_City,Unknown,65-74_years,0
New_York_City,Unknown,75-84_years,0
New_York_City,Unknown,85_years_and_over,0
North_Carolina,Male,Under_1_year,0
North_Carolina,Male,0-17_years,0
North_Carolina,Male,1-4_years,0
North_Carolina,Male,5-14_years,0
North_Carolina,Male,15-24_years,
North_Carolina,Male,18-29_years,
North_Carolina,Male,25-34_years,
North_Carolina,Male,30-49_years,68
North_Carolina,Male,35-44_years,31
North_Carolina,Male,45-54_years,83
North_Carolina,Male,50-64_years,208
North_Carolina,Male,55-64_years,157
North_Carolina,Male,65-74_years,248
North_Carolina,Male,75-84_years,305
North_Carolina,Male,85_years_and_over,244
North_Carolina,Female,Under_1_year,0
North_Carolina,Female,0-17_years,0
North_Carolina,Female,1-4_years,0
North_Carolina,Female,5-14_years,0
North_Carolina,Female,15-24_years,
North_Carolina,Female,18-29_years,
North_Carolina,Female,25-34_years,
North_Carolina,Female,30-49_years,32
North_Carolina,Female,35-44_years,12
North_Carolina,Female,45-54_years,44
North_Carolina,Female,50-64_years,106
North_Carolina,Female,55-64_years,78
North_Carolina,Female,65-74_years,189
North_Carolina,Female,75-84_years,261
North_Carolina,Female,85_years_and_over,359
North_Carolina,Unknown,Under_1_year,0
North_Carolina,Unknown,0-17_years,0
North_Carolina,Unknown,1-4_years,0
North_Carolina,Unknown,5-14_years,0
North_Carolina,Unknown,15-24_years,0
North_Carolina,Unknown,18-29_years,0
North_Carolina,Unknown,25-34_years,0
North_Carolina,Unknown,30-49_years,0
North_Carolina,Unknown,35-44_years,0
North_Carolina,Unknown,45-54_years,0
North_Carolina,Unknown,50-64_years,0
North_Carolina,Unknown,55-64_years,0
North_Carolina,Unknown,65-74_years,0
North_Carolina,Unknown,75-84_years,0
North_Carolina,Unknown,85_years_and_over,0
North_Dakota,Male,Under_1_year,0
North_Dakota,Male,0-17_years,0
North_Dakota,Male,1-4_years,0
North_Dakota,Male,5-14_years,0
North_Dakota,Male,15-24_years,0
North_Dakota,Male,18-29_years,0
North_Dakota,Male,25-34_years,0
North_Dakota,Male,30-49_years,
North_Dakota,Male,35-44_years,
North_Dakota,Male,45-54_years,
North_Dakota,Male,50-64_years,16
North_Dakota,Male,55-64_years,14
North_Dakota,Male,65-74_years,17
North_Dakota,Male,75-84_years,19
North_Dakota,Male,85_years_and_over,27
North_Dakota,Female,Under_1_year,0
North_Dakota,Female,0-17_years,0
North_Dakota,Female,1-4_years,0
North_Dakota,Female,5-14_years,0
North_Dakota,Female,15-24_years,0
North_Dakota,Female,18-29_years,0
North_Dakota,Female,25-34_years,0
North_Dakota,Female,30-49_years,
North_Dakota,Female,35-44_years,0
North_Dakota,Female,45-54_years,
North_Dakota,Female,50-64_years,
North_Dakota,Female,55-64_years,
North_Dakota,Female,65-74_years,
North_Dakota,Female,75-84_years,24
North_Dakota,Female,85_years_and_over,36
North_Dakota,Unknown,Under_1_year,0
North_Dakota,Unknown,0-17_years,0
North_Dakota,Unknown,1-4_years,0
North_Dakota,Unknown,5-14_years,0
North_Dakota,Unknown,15-24_years,0
North_Dakota,Unknown,18-29_years,0
North_Dakota,Unknown,25-34_years,0
North_Dakota,Unknown,30-49_years,0
North_Dakota,Unknown,35-44_years,0
North_Dakota,Unknown,45-54_years,0
North_Dakota,Unknown,50-64_years,0
North_Dakota,Unknown,55-64_years,0
North_Dakota,Unknown,65-74_years,0
North_Dakota,Unknown,75-84_years,0
North_Dakota,Unknown,85_years_and_over,0
Ohio,Male,Under_1_year,0
Ohio,Male,0-17_years,0
Ohio,Male,1-4_years,0
Ohio,Male,5-14_years,0
Ohio,Male,15-24_years,
Ohio,Male,18-29_years,
Ohio,Male,25-34_years,
Ohio,Male,30-49_years,56
Ohio,Male,35-44_years,29
Ohio,Male,45-54_years,76
Ohio,Male,50-64_years,297
Ohio,Male,55-64_years,244
Ohio,Male,65-74_years,480
Ohio,Male,75-84_years,547
Ohio,Male,85_years_and_over,532
Ohio,Female,Under_1_year,0
Ohio,Female,0-17_years,
Ohio,Female,1-4_years,0
Ohio,Female,5-14_years,
Ohio,Female,15-24_years,
Ohio,Female,18-29_years,
Ohio,Female,25-34_years,
Ohio,Female,30-49_years,26
Ohio,Female,35-44_years,11
Ohio,Female,45-54_years,33
Ohio,Female,50-64_years,149
Ohio,Female,55-64_years,127
Ohio,Female,65-74_years,280
Ohio,Female,75-84_years,531
Ohio,Female,85_years_and_over,827
Ohio,Unknown,Under_1_year,0
Ohio,Unknown,0-17_years,0
Ohio,Unknown,1-4_years,0
Ohio,Unknown,5-14_years,0
Ohio,Unknown,15-24_years,0
Ohio,Unknown,18-29_years,0
Ohio,Unknown,25-34_years,0
Ohio,Unknown,30-49_years,0
Ohio,Unknown,35-44_years,0
Ohio,Unknown,45-54_years,0
Ohio,Unknown,50-64_years,0
Ohio,Unknown,55-64_years,0
Ohio,Unknown,65-74_years,0
Ohio,Unknown,75-84_years,0
Ohio,Unknown,85_years_and_over,0
Oklahoma,Male,Under_1_year,
Oklahoma,Male,0-17_years,
Oklahoma,Male,1-4_years,0
Oklahoma,Male,5-14_years,0
Oklahoma,Male,15-24_years,
Oklahoma,Male,18-29_years,
Oklahoma,Male,25-34_years,
Oklahoma,Male,30-49_years,16
Oklahoma,Male,35-44_years,
Oklahoma,Male,45-54_years,19
Oklahoma,Male,50-64_years,82
Oklahoma,Male,55-64_years,72
Oklahoma,Male,65-74_years,121
Oklahoma,Male,75-84_years,125
Oklahoma,Male,85_years_and_over,115
Oklahoma,Female,Under_1_year,0
Oklahoma,Female,0-17_years,
Oklahoma,Female,1-4_years,0
Oklahoma,Female,5-14_years,
Oklahoma,Female,15-24_years,0
Oklahoma,Female,18-29_years,0
Oklahoma,Female,25-34_years,
Oklahoma,Female,30-49_years,13
Oklahoma,Female,35-44_years,
Oklahoma,Female,45-54_years,16
Oklahoma,Female,50-64_years,58
Oklahoma,Female,55-64_years,46
Oklahoma,Female,65-74_years,99
Oklahoma,Female,75-84_years,92
Oklahoma,Female,85_years_and_over,120
Oklahoma,Unknown,Under_1_year,0
Oklahoma,Unknown,0-17_years,0
Oklahoma,Unknown,1-4_years,0
Oklahoma,Unknown,5-14_years,0
Oklahoma,Unknown,15-24_years,0
Oklahoma,Unknown,18-29_years,0
Oklahoma,Unknown,25-34_years,0
Oklahoma,Unknown,30-49_years,0
Oklahoma,Unknown,35-44_years,0
Oklahoma,Unknown,45-54_years,0
Oklahoma,Unknown,50-64_years,0
Oklahoma,Unknown,55-64_years,0
Oklahoma,Unknown,65-74_years,0
Oklahoma,Unknown,75-84_years,0
Oklahoma,Unknown,85_years_and_over,0
Oregon,Male,Under_1_year,0
Oregon,Male,0-17_years,0
Oregon,Male,1-4_years,0
Oregon,Male,5-14_years,0
Oregon,Male,15-24_years,0
Oregon,Male,18-29_years,
Oregon,Male,25-34_years,
Oregon,Male,30-49_years,
Oregon,Male,35-44_years,
Oregon,Male,45-54_years,14
Oregon,Male,50-64_years,44
Oregon,Male,55-64_years,33
Oregon,Male,65-74_years,58
Oregon,Male,75-84_years,64
Oregon,Male,85_years_and_over,65
Oregon,Female,Under_1_year,0
Oregon,Female,0-17_years,0
Oregon,Female,1-4_years,0
Oregon,Female,5-14_years,0
Oregon,Female,15-24_years,0
Oregon,Female,18-29_years,0
Oregon,Female,25-34_years,
Oregon,Female,30-49_years,
Oregon,Female,35-44_years,
Oregon,Female,45-54_years,
Oregon,Female,50-64_years,19
Oregon,Female,55-64_years,17
Oregon,Female,65-74_years,31
Oregon,Female,75-84_years,44
Oregon,Female,85_years_and_over,85
Oregon,Unknown,Under_1_year,0
Oregon,Unknown,0-17_years,0
Oregon,Unknown,1-4_years,0
Oregon,Unknown,5-14_years,0
Oregon,Unknown,15-24_years,0
Oregon,Unknown,18-29_years,0
Oregon,Unknown,25-34_years,0
Oregon,Unknown,30-49_years,0
Oregon,Unknown,35-44_years,0
Oregon,Unknown,45-54_years,0
Oregon,Unknown,50-64_years,0
Oregon,Unknown,55-64_years,0
Oregon,Unknown,65-74_years,0
Oregon,Unknown,75-84_years,0
Oregon,Unknown,85_years_and_over,0
Pennsylvania,Male,Under_1_year,0
Pennsylvania,Male,0-17_years,
Pennsylvania,Male,1-4_years,0
Pennsylvania,Male,5-14_years,0
Pennsylvania,Male,15-24_years,
Pennsylvania,Male,18-29_years,13
Pennsylvania,Male,25-34_years,20
Pennsylvania,Male,30-49_years,117
Pennsylvania,Male,35-44_years,43
Pennsylvania,Male,45-54_years,172
Pennsylvania,Male,50-64_years,565
Pennsylvania,Male,55-64_years,454
Pennsylvania,Male,65-74_years,856
Pennsylvania,Male,75-84_years,1106
Pennsylvania,Male,85_years_and_over,1232
Pennsylvania,Female,Under_1_year,0
Pennsylvania,Female,0-17_years,0
Pennsylvania,Female,1-4_years,0
Pennsylvania,Female,5-14_years,0
Pennsylvania,Female,15-24_years,
Pennsylvania,Female,18-29_years,
Pennsylvania,Female,25-34_years,
Pennsylvania,Female,30-49_years,52
Pennsylvania,Female,35-44_years,19
Pennsylvania,Female,45-54_years,79
Pennsylvania,Female,50-64_years,310
Pennsylvania,Female,55-64_years,262
Pennsylvania,Female,65-74_years,594
Pennsylvania,Female,75-84_years,969
Pennsylvania,Female,85_years_and_over,2180
Pennsylvania,Unknown,Under_1_year,0
Pennsylvania,Unknown,0-17_years,0
Pennsylvania,Unknown,1-4_years,0
Pennsylvania,Unknown,5-14_years,0
Pennsylvania,Unknown,15-24_years,0
Pennsylvania,Unknown,18-29_years,0
Pennsylvania,Unknown,25-34_years,0
Pennsylvania,Unknown,30-49_years,0
Pennsylvania,Unknown,35-44_years,0
Pennsylvania,Unknown,45-54_years,0
Pennsylvania,Unknown,50-64_years,0
Pennsylvania,Unknown,55-64_years,0
Pennsylvania,Unknown,65-74_years,0
Pennsylvania,Unknown,75-84_years,0
Pennsylvania,Unknown,85_years_and_over,0
Rhode_Island,Male,Under_1_year,0
Rhode_Island,Male,0-17_years,0
Rhode_Island,Male,1-4_years,0
Rhode_Island,Male,5-14_years,0
Rhode_Island,Male,15-24_years,0
Rhode_Island,Male,18-29_years,0
Rhode_Island,Male,25-34_years,
Rhode_Island,Male,30-49_years,14
Rhode_Island,Male,35-44_years,
Rhode_Island,Male,45-54_years,11
Rhode_Island,Male,50-64_years,58
Rhode_Island,Male,55-64_years,52
Rhode_Island,Male,65-74_years,106
Rhode_Island,Male,75-84_years,136
Rhode_Island,Male,85_years_and_over,150
Rhode_Island,Female,Under_1_year,0
Rhode_Island,Female,0-17_years,
Rhode_Island,Female,1-4_years,0
Rhode_Island,Female,5-14_years,
Rhode_Island,Female,15-24_years,0
Rhode_Island,Female,18-29_years,
Rhode_Island,Female,25-34_years,
Rhode_Island,Female,30-49_years,
Rhode_Island,Female,35-44_years,
Rhode_Island,Female,45-54_years,
Rhode_Island,Female,50-64_years,24
Rhode_Island,Female,55-64_years,21
Rhode_Island,Female,65-74_years,80
Rhode_Island,Female,75-84_years,128
Rhode_Island,Female,85_years_and_over,315
Rhode_Island,Unknown,Under_1_year,0
Rhode_Island,Unknown,0-17_years,0
Rhode_Island,Unknown,1-4_years,0
Rhode_Island,Unknown,5-14_years,0
Rhode_Island,Unknown,15-24_years,0
Rhode_Island,Unknown,18-29_years,0
Rhode_Island,Unknown,25-34_years,0
Rhode_Island,Unknown,30-49_years,0
Rhode_Island,Unknown,35-44_years,0
Rhode_Island,Unknown,45-54_years,0
Rhode_Island,Unknown,50-64_years,0
Rhode_Island,Unknown,55-64_years,0
Rhode_Island,Unknown,65-74_years,0
Rhode_Island,Unknown,75-84_years,0
Rhode_Island,Unknown,85_years_and_over,0
South_Carolina,Male,Under_1_year,
South_Carolina,Male,0-17_years,
South_Carolina,Male,1-4_years,0
South_Carolina,Male,5-14_years,0
South_Carolina,Male,15-24_years,
South_Carolina,Male,18-29_years,
South_Carolina,Male,25-34_years,10
South_Carolina,Male,30-49_years,71
South_Carolina,Male,35-44_years,35
South_Carolina,Male,45-54_years,64
South_Carolina,Male,50-64_years,204
South_Carolina,Male,55-64_years,170
South_Carolina,Male,65-74_years,335
South_Carolina,Male,75-84_years,438
South_Carolina,Male,85_years_and_over,276
South_Carolina,Female,Under_1_year,0
South_Carolina,Female,0-17_years,0
South_Carolina,Female,1-4_years,0
South_Carolina,Female,5-14_years,0
South_Carolina,Female,15-24_years,
South_Carolina,Female,18-29_years,
South_Carolina,Female,25-34_years,
South_Carolina,Female,30-49_years,25
South_Carolina,Female,35-44_years,12
South_Carolina,Female,45-54_years,39
South_Carolina,Female,50-64_years,182
South_Carolina,Female,55-64_years,156
South_Carolina,Female,65-74_years,290
South_Carolina,Female,75-84_years,346
South_Carolina,Female,85_years_and_over,434
South_Carolina,Unknown,Under_1_year,0
South_Carolina,Unknown,0-17_years,0
South_Carolina,Unknown,1-4_years,0
South_Carolina,Unknown,5-14_years,0
South_Carolina,Unknown,15-24_years,0
South_Carolina,Unknown,18-29_years,0
South_Carolina,Unknown,25-34_years,0
South_Carolina,Unknown,30-49_years,0
South_Carolina,Unknown,35-44_years,0
South_Carolina,Unknown,45-54_years,0
South_Carolina,Unknown,50-64_years,0
South_Carolina,Unknown,55-64_years,0
South_Carolina,Unknown,65-74_years,0
South_Carolina,Unknown,75-84_years,0
South_Carolina,Unknown,85_years_and_over,0
South_Dakota,Male,Under_1_year,0
South_Dakota,Male,0-17_years,0
South_Dakota,Male,1-4_years,0
South_Dakota,Male,5-14_years,0
South_Dakota,Male,15-24_years,0
South_Dakota,Male,18-29_years,
South_Dakota,Male,25-34_years,
South_Dakota,Male,30-49_years,13
South_Dakota,Male,35-44_years,
South_Dakota,Male,45-54_years,
South_Dakota,Male,50-64_years,23
South_Dakota,Male,55-64_years,19
South_Dakota,Male,65-74_years,16
South_Dakota,Male,75-84_years,16
South_Dakota,Male,85_years_and_over,23
South_Dakota,Female,Under_1_year,0
South_Dakota,Female,0-17_years,0
South_Dakota,Female,1-4_years,0
South_Dakota,Female,5-14_years,0
South_Dakota,Female,15-24_years,
South_Dakota,Female,18-29_years,
South_Dakota,Female,25-34_years,0
South_Dakota,Female,30-49_years,
South_Dakota,Female,35-44_years,0
South_Dakota,Female,45-54_years,
South_Dakota,Female,50-64_years,15
South_Dakota,Female,55-64_years,12
South_Dakota,Female,65-74_years,16
South_Dakota,Female,75-84_years,13
South_Dakota,Female,85_years_and_over,41
South_Dakota,Unknown,Under_1_year,0
South_Dakota,Unknown,0-17_years,0
South_Dakota,Unknown,1-4_years,0
South_Dakota,Unknown,5-14_years,0
South_Dakota,Unknown,15-24_years,0
South_Dakota,Unknown,18-29_years,0
South_Dakota,Unknown,25-34_years,0
South_Dakota,Unknown,30-49_years,0
South_Dakota,Unknown,35-44_years,0
South_Dakota,Unknown,45-54_years,0
South_Dakota,Unknown,50-64_years,0
South_Dakota,Unknown,55-64_years,0
South_Dakota,Unknown,65-74_years,0
South_Dakota,Unknown,75-84_years,0
South_Dakota,Unknown,85_years_and_over,0
Tennessee,Male,Under_1_year,
Tennessee,Male,0-17_years,
Tennessee,Male,1-4_years,
Tennessee,Male,5-14_years,0
Tennessee,Male,15-24_years,
Tennessee,Male,18-29_years,
Tennessee,Male,25-34_years,
Tennessee,Male,30-49_years,59
Tennessee,Male,35-44_years,34
Tennessee,Male,45-54_years,56
Tennessee,Male,50-64_years,201
Tennessee,Male,55-64_years,164
Tennessee,Male,65-74_years,237
Tennessee,Male,75-84_years,289
Tennessee,Male,85_years_and_over,169
Tennessee,Female,Under_1_year,0
Tennessee,Female,0-17_years,
Tennessee,Female,1-4_years,
Tennessee,Female,5-14_years,0
Tennessee,Female,15-24_years,
Tennessee,Female,18-29_years,
Tennessee,Female,25-34_years,
Tennessee,Female,30-49_years,40
Tennessee,Female,35-44_years,18
Tennessee,Female,45-54_years,37
Tennessee,Female,50-64_years,115
Tennessee,Female,55-64_years,98
Tennessee,Female,65-74_years,152
Tennessee,Female,75-84_years,195
Tennessee,Female,85_years_and_over,209
Tennessee,Unknown,Under_1_year,0
Tennessee,Unknown,0-17_years,0
Tennessee,Unknown,1-4_years,0
Tennessee,Unknown,5-14_years,0
Tennessee,Unknown,15-24_years,0
Tennessee,Unknown,18-29_years,0
Tennessee,Unknown,25-34_years,0
Tennessee,Unknown,30-49_years,0
Tennessee,Unknown,35-44_years,0
Tennessee,Unknown,45-54_years,0
Tennessee,Unknown,50-64_years,0
Tennessee,Unknown,55-64_years,0
Tennessee,Unknown,65-74_years,0
Tennessee,Unknown,75-84_years,0
Tennessee,Unknown,85_years_and_over,0
Texas,Male,Under_1_year,
Texas,Male,0-17_years,11
Texas,Male,1-4_years,
Texas,Male,5-14_years,
Texas,Male,15-24_years,18
Texas,Male,18-29_years,59
Texas,Male,25-34_years,118
Texas,Male,30-49_years,621
Texas,Male,35-44_years,274
Texas,Male,45-54_years,683
Texas,Male,50-64_years,1764
Texas,Male,55-64_years,1354
Texas,Male,65-74_years,1914
Texas,Male,75-84_years,1810
Texas,Male,85_years_and_over,1194
Texas,Female,Under_1_year,
Texas,Female,0-17_years,
Texas,Female,1-4_years,
Texas,Female,5-14_years,
Texas,Female,15-24_years,15
Texas,Female,18-29_years,28
Texas,Female,25-34_years,48
Texas,Female,30-49_years,293
Texas,Female,35-44_years,138
Texas,Female,45-54_years,338
Texas,Female,50-64_years,946
Texas,Female,55-64_years,732
Texas,Female,65-74_years,1171
Texas,Female,75-84_years,1268
Texas,Female,85_years_and_over,1471
Texas,Unknown,Under_1_year,0
Texas,Unknown,0-17_years,0
Texas,Unknown,1-4_years,0
Texas,Unknown,5-14_years,0
Texas,Unknown,15-24_years,0
Texas,Unknown,18-29_years,0
Texas,Unknown,25-34_years,0
Texas,Unknown,30-49_years,0
Texas,Unknown,35-44_years,0
Texas,Unknown,45-54_years,0
Texas,Unknown,50-64_years,0
Texas,Unknown,55-64_years,0
Texas,Unknown,65-74_years,0
Texas,Unknown,75-84_years,0
Texas,Unknown,85_years_and_over,0
Utah,Male,Under_1_year,0
Utah,Male,0-17_years,0
Utah,Male,1-4_years,0
Utah,Male,5-14_years,0
Utah,Male,15-24_years,
Utah,Male,18-29_years,
Utah,Male,25-34_years,
Utah,Male,30-49_years,17
Utah,Male,35-44_years,
Utah,Male,45-54_years,19
Utah,Male,50-64_years,62
Utah,Male,55-64_years,49
Utah,Male,65-74_years,58
Utah,Male,75-84_years,67
Utah,Male,85_years_and_over,47
Utah,Female,Under_1_year,0
Utah,Female,0-17_years,0
Utah,Female,1-4_years,0
Utah,Female,5-14_years,0
Utah,Female,15-24_years,
Utah,Female,18-29_years,
Utah,Female,25-34_years,
Utah,Female,30-49_years,
Utah,Female,35-44_years,
Utah,Female,45-54_years,
Utah,Female,50-64_years,22
Utah,Female,55-64_years,16
Utah,Female,65-74_years,34
Utah,Female,75-84_years,43
Utah,Female,85_years_and_over,52
Utah,Unknown,Under_1_year,0
Utah,Unknown,0-17_years,0
Utah,Unknown,1-4_years,0
Utah,Unknown,5-14_years,0
Utah,Unknown,15-24_years,0
Utah,Unknown,18-29_years,0
Utah,Unknown,25-34_years,0
Utah,Unknown,30-49_years,0
Utah,Unknown,35-44_years,0
Utah,Unknown,45-54_years,0
Utah,Unknown,50-64_years,0
Utah,Unknown,55-64_years,0
Utah,Unknown,65-74_years,0
Utah,Unknown,75-84_years,0
Utah,Unknown,85_years_and_over,0
Vermont,Male,Under_1_year,0
Vermont,Male,0-17_years,0
Vermont,Male,1-4_years,0
Vermont,Male,5-14_years,0
Vermont,Male,15-24_years,0
Vermont,Male,18-29_years,0
Vermont,Male,25-34_years,0
Vermont,Male,30-49_years,
Vermont,Male,35-44_years,
Vermont,Male,45-54_years,
Vermont,Male,50-64_years,
Vermont,Male,55-64_years,
Vermont,Male,65-74_years,
Vermont,Male,75-84_years,16
Vermont,Male,85_years_and_over,
Vermont,Female,Under_1_year,0
Vermont,Female,0-17_years,0
Vermont,Female,1-4_years,0
Vermont,Female,5-14_years,0
Vermont,Female,15-24_years,0
Vermont,Female,18-29_years,0
Vermont,Female,25-34_years,0
Vermont,Female,30-49_years,
Vermont,Female,35-44_years,
Vermont,Female,45-54_years,
Vermont,Female,50-64_years,0
Vermont,Female,55-64_years,0
Vermont,Female,65-74_years,
Vermont,Female,75-84_years,
Vermont,Female,85_years_and_over,10
Vermont,Unknown,Under_1_year,0
Vermont,Unknown,0-17_years,0
Vermont,Unknown,1-4_years,0
Vermont,Unknown,5-14_years,0
Vermont,Unknown,15-24_years,0
Vermont,Unknown,18-29_years,0
Vermont,Unknown,25-34_years,0
Vermont,Unknown,30-49_years,0
Vermont,Unknown,35-44_years,0
Vermont,Unknown,45-54_years,0
Vermont,Unknown,50-64_years,0
Vermont,Unknown,55-64_years,0
Vermont,Unknown,65-74_years,0
Vermont,Unknown,75-84_years,0
Vermont,Unknown,85_years_and_over,0
Virginia,Male,Under_1_year,0
Virginia,Male,0-17_years,0
Virginia,Male,1-4_years,0
Virginia,Male,5-14_years,0
Virginia,Male,15-24_years,
Virginia,Male,18-29_years,
Virginia,Male,25-34_years,
Virginia,Male,30-49_years,66
Virginia,Male,35-44_years,25
Virginia,Male,45-54_years,78
Virginia,Male,50-64_years,241
Virginia,Male,55-64_years,200
Virginia,Male,65-74_years,324
Virginia,Male,75-84_years,397
Virginia,Male,85_years_and_over,346
Virginia,Female,Under_1_year,0
Virginia,Female,0-17_years,0
Virginia,Female,1-4_years,0
Virginia,Female,5-14_years,0
Virginia,Female,15-24_years,0
Virginia,Female,18-29_years,
Virginia,Female,25-34_years,
Virginia,Female,30-49_years,38
Virginia,Female,35-44_years,20
Virginia,Female,45-54_years,42
Virginia,Female,50-64_years,131
Virginia,Female,55-64_years,103
Virginia,Female,65-74_years,230
Virginia,Female,75-84_years,346
Virginia,Female,85_years_and_over,603
Virginia,Unknown,Under_1_year,0
Virginia,Unknown,0-17_years,0
Virginia,Unknown,1-4_years,0
Virginia,Unknown,5-14_years,0
Virginia,Unknown,15-24_years,0
Virginia,Unknown,18-29_years,0
Virginia,Unknown,25-34_years,0
Virginia,Unknown,30-49_years,0
Virginia,Unknown,35-44_years,0
Virginia,Unknown,45-54_years,
Virginia,Unknown,50-64_years,
Virginia,Unknown,55-64_years,0
Virginia,Unknown,65-74_years,0
Virginia,Unknown,75-84_years,0
Virginia,Unknown,85_years_and_over,0
Washington,Male,Under_1_year,0
Washington,Male,0-17_years,0
Washington,Male,1-4_years,0
Washington,Male,5-14_years,0
Washington,Male,15-24_years,
Washington,Male,18-29_years,
Washington,Male,25-34_years,
Washington,Male,30-49_years,47
Washington,Male,35-44_years,23
Washington,Male,45-54_years,47
Washington,Male,50-64_years,143
Washington,Male,55-64_years,117
Washington,Male,65-74_years,199
Washington,Male,75-84_years,252
Washington,Male,85_years_and_over,290
Washington,Female,Under_1_year,0
Washington,Female,0-17_years,0
Washington,Female,1-4_years,0
Washington,Female,5-14_years,0
Washington,Female,15-24_years,0
Washington,Female,18-29_years,
Washington,Female,25-34_years,
Washington,Female,30-49_years,15
Washington,Female,35-44_years,
Washington,Female,45-54_years,27
Washington,Female,50-64_years,75
Washington,Female,55-64_years,57
Washington,Female,65-74_years,134
Washington,Female,75-84_years,215
Washington,Female,85_years_and_over,342
Washington,Unknown,Under_1_year,0
Washington,Unknown,0-17_years,0
Washington,Unknown,1-4_years,0
Washington,Unknown,5-14_years,0
Washington,Unknown,15-24_years,0
Washington,Unknown,18-29_years,0
Washington,Unknown,25-34_years,0
Washington,Unknown,30-49_years,0
Washington,Unknown,35-44_years,0
Washington,Unknown,45-54_years,0
Washington,Unknown,50-64_years,0
Washington,Unknown,55-64_years,0
Washington,Unknown,65-74_years,0
Washington,Unknown,75-84_years,0
Washington,Unknown,85_years_and_over,0
West_Virginia,Male,Under_1_year,0
West_Virginia,Male,0-17_years,0
West_Virginia,Male,1-4_years,0
West_Virginia,Male,5-14_years,0
West_Virginia,Male,15-24_years,0
West_Virginia,Male,18-29_years,
West_Virginia,Male,25-34_years,
West_Virginia,Male,30-49_years,0
West_Virginia,Male,35-44_years,0
West_Virginia,Male,45-54_years,
West_Virginia,Male,50-64_years,
West_Virginia,Male,55-64_years,
West_Virginia,Male,65-74_years,27
West_Virginia,Male,75-84_years,27
West_Virginia,Male,85_years_and_over,20
West_Virginia,Female,Under_1_year,0
West_Virginia,Female,0-17_years,0
West_Virginia,Female,1-4_years,0
West_Virginia,Female,5-14_years,0
West_Virginia,Female,15-24_years,0
West_Virginia,Female,18-29_years,
West_Virginia,Female,25-34_years,
West_Virginia,Female,30-49_years,
West_Virginia,Female,35-44_years,
West_Virginia,Female,45-54_years,
West_Virginia,Female,50-64_years,
West_Virginia,Female,55-64_years,
West_Virginia,Female,65-74_years,21
West_Virginia,Female,75-84_years,25
West_Virginia,Female,85_years_and_over,43
West_Virginia,Unknown,Under_1_year,0
West_Virginia,Unknown,0-17_years,0
West_Virginia,Unknown,1-4_years,0
West_Virginia,Unknown,5-14_years,0
West_Virginia,Unknown,15-24_years,0
West_Virginia,Unknown,18-29_years,0
West_Virginia,Unknown,25-34_years,0
West_Virginia,Unknown,30-49_years,0
West_Virginia,Unknown,35-44_years,0
West_Virginia,Unknown,45-54_years,0
West_Virginia,Unknown,50-64_years,0
West_Virginia,Unknown,55-64_years,0
West_Virginia,Unknown,65-74_years,0
West_Virginia,Unknown,75-84_years,0
West_Virginia,Unknown,85_years_and_over,0
Wisconsin,Male,Under_1_year,
Wisconsin,Male,0-17_years,
Wisconsin,Male,1-4_years,0
Wisconsin,Male,5-14_years,0
Wisconsin,Male,15-24_years,
Wisconsin,Male,18-29_years,
Wisconsin,Male,25-34_years,
Wisconsin,Male,30-49_years,28
Wisconsin,Male,35-44_years,11
Wisconsin,Male,45-54_years,37
Wisconsin,Male,50-64_years,102
Wisconsin,Male,55-64_years,79
Wisconsin,Male,65-74_years,154
Wisconsin,Male,75-84_years,157
Wisconsin,Male,85_years_and_over,154
Wisconsin,Female,Under_1_year,0
Wisconsin,Female,0-17_years,0
Wisconsin,Female,1-4_years,0
Wisconsin,Female,5-14_years,0
Wisconsin,Female,15-24_years,
Wisconsin,Female,18-29_years,
Wisconsin,Female,25-34_years,
Wisconsin,Female,30-49_years,16
Wisconsin,Female,35-44_years,
Wisconsin,Female,45-54_years,21
Wisconsin,Female,50-64_years,64
Wisconsin,Female,55-64_years,50
Wisconsin,Female,65-74_years,98
Wisconsin,Female,75-84_years,137
Wisconsin,Female,85_years_and_over,197
Wisconsin,Unknown,Under_1_year,0
Wisconsin,Unknown,0-17_years,0
Wisconsin,Unknown,1-4_years,0
Wisconsin,Unknown,5-14_years,0
Wisconsin,Unknown,15-24_years,0
Wisconsin,Unknown,18-29_years,0
Wisconsin,Unknown,25-34_years,0
Wisconsin,Unknown,30-49_years,0
Wisconsin,Unknown,35-44_years,0
Wisconsin,Unknown,45-54_years,0
Wisconsin,Unknown,50-64_years,0
Wisconsin,Unknown,55-64_years,0
Wisconsin,Unknown,65-74_years,0
Wisconsin,Unknown,75-84_years,0
Wisconsin,Unknown,85_years_and_over,0
Wyoming,Male,Under_1_year,0
Wyoming,Male,0-17_years,0
Wyoming,Male,1-4_years,0
Wyoming,Male,5-14_years,0
Wyoming,Male,15-24_years,0
Wyoming,Male,18-29_years,0
Wyoming,Male,25-34_years,0
Wyoming,Male,30-49_years,
Wyoming,Male,35-44_years,
Wyoming,Male,45-54_years,
Wyoming,Male,50-64_years,
Wyoming,Male,55-64_years,
Wyoming,Male,65-74_years,
Wyoming,Male,75-84_years,
Wyoming,Male,85_years_and_over,
Wyoming,Female,Under_1_year,0
Wyoming,Female,0-17_years,0
Wyoming,Female,1-4_years,0
Wyoming,Female,5-14_years,0
Wyoming,Female,15-24_years,0
Wyoming,Female,18-29_years,
Wyoming,Female,25-34_years,
Wyoming,Female,30-49_years,
Wyoming,Female,35-44_years,0
Wyoming,Female,45-54_years,
Wyoming,Female,50-64_years,
Wyoming,Female,55-64_years,
Wyoming,Female,65-74_years,
Wyoming,Female,75-84_years,
Wyoming,Female,85_years_and_over,
Wyoming,Unknown,Under_1_year,0
Wyoming,Unknown,0-17_years,0
Wyoming,Unknown,1-4_years,0
Wyoming,Unknown,5-14_years,0
Wyoming,Unknown,15-24_years,0
Wyoming,Unknown,18-29_years,0
Wyoming,Unknown,25-34_years,0
Wyoming,Unknown,30-49_years,0
Wyoming,Unknown,35-44_years,0
Wyoming,Unknown,45-54_years,0
Wyoming,Unknown,50-64_years,0
Wyoming,Unknown,55-64_years,0
Wyoming,Unknown,65-74_years,0
Wyoming,Unknown,75-84_years,0
Wyoming,Unknown,85_years_and_over,0
Puerto_Rico,Male,Under_1_year,0
Puerto_Rico,Male,0-17_years,0
Puerto_Rico,Male,1-4_years,0
Puerto_Rico,Male,5-14_years,0
Puerto_Rico,Male,15-24_years,
Puerto_Rico,Male,18-29_years,
Puerto_Rico,Male,25-34_years,
Puerto_Rico,Male,30-49_years,20
Puerto_Rico,Male,35-44_years,
Puerto_Rico,Male,45-54_years,19
Puerto_Rico,Male,50-64_years,42
Puerto_Rico,Male,55-64_years,31
Puerto_Rico,Male,65-74_years,61
Puerto_Rico,Male,75-84_years,61
Puerto_Rico,Male,85_years_and_over,41
Puerto_Rico,Female,Under_1_year,0
Puerto_Rico,Female,0-17_years,
Puerto_Rico,Female,1-4_years,0
Puerto_Rico,Female,5-14_years,
Puerto_Rico,Female,15-24_years,
Puerto_Rico,Female,18-29_years,
Puerto_Rico,Female,25-34_years,
Puerto_Rico,Female,30-49_years,
Puerto_Rico,Female,35-44_years,
Puerto_Rico,Female,45-54_years,
Puerto_Rico,Female,50-64_years,28
Puerto_Rico,Female,55-64_years,21
Puerto_Rico,Female,65-74_years,32
Puerto_Rico,Female,75-84_years,44
Puerto_Rico,Female,85_years_and_over,39
Puerto_Rico,Unknown,Under_1_year,0
Puerto_Rico,Unknown,0-17_years,0
Puerto_Rico,Unknown,1-4_years,0
Puerto_Rico,Unknown,5-14_years,0
Puerto_Rico,Unknown,15-24_years,0
Puerto_Rico,Unknown,18-29_years,0
Puerto_Rico,Unknown,25-34_years,0
Puerto_Rico,Unknown,30-49_years,0
Puerto_Rico,Unknown,35-44_years,0
Puerto_Rico,Unknown,45-54_years,0
Puerto_Rico,Unknown,55-64_years,0
Puerto_Rico,Unknown,65-74_years,0
Puerto_Rico,Unknown,75-84_years,0
Puerto_Rico,Unknown,85_years_and_over,0
